"","age","performance","y"
"1",35.73,8.57928964482241,"not promoted"
"2",42.92,7.99899949974987,"not promoted"
"3",57.1,7.10855427713857,"promoted"
"4",46.28,3.04652326163082,"promoted"
"5",59.89,6.25812906453227,"promoted"
"6",47.25,-2.96648324162081,"not promoted"
"7",58.4,-0.06503251625813,"not promoted"
"8",52.44,-2.75637818909455,"not promoted"
"9",55.25,-6.7583791895948,"not promoted"
"10",52.21,-9.10955477738869,"not promoted"
"11",56.37,4.56728364182091,"promoted"
"12",31.8,0.55527763881941,"promoted"
"13",51.99,7.82891445722861,"not promoted"
"14",49.77,-1.81590795397699,"not promoted"
"15",47.9,2.52626313156578,"promoted"
"16",39.12,6.59829914957479,"not promoted"
"17",51.05,6.07803901950976,"promoted"
"18",48.23,-5.60780390195098,"not promoted"
"19",55.78,7.02851425712856,"promoted"
"20",52.46,4.10705352676338,"promoted"
"21",33.25,-9.21960980490245,"not promoted"
"22",35.9,9.49974987493747,"not promoted"
"23",43.09,-3.93696848424212,"not promoted"
"24",34.33,3.11655827913957,"not promoted"
"25",25.44,1.81590795397699,"not promoted"
"26",39.03,-0.125062531265634,"not promoted"
"27",53.09,9.53976988494247,"promoted"
"28",20.61,0.615307653826914,"promoted"
"29",36.95,-5.42771385692846,"not promoted"
"30",43.04,-3.11655827913957,"not promoted"
"31",56.49,1.41570785392696,"promoted"
"32",35.17,-10,"not promoted"
"33",22.12,8.18909454727364,"not promoted"
"34",39.01,-2.09604802401201,"not promoted"
"35",59.26,-7.02851425712856,"not promoted"
"36",53.84,-3.17658829414707,"not promoted"
"37",34.93,-4.65732866433217,"not promoted"
"38",30.44,5.2576288144072,"not promoted"
"39",40.69,0.295147573786894,"promoted"
"40",33.69,-0.215107553776889,"not promoted"
"41",35.48,-2.69634817408704,"not promoted"
"42",43.78,5.00750375187594,"not promoted"
"43",29.2,5.22761380690345,"not promoted"
"44",36.2,-9.45972986493247,"not promoted"
"45",49.07,-6.42821410705353,"not promoted"
"46",55.27,5.93796898449225,"promoted"
"47",60,3.12656328164082,"promoted"
"48",26.61,-0.455227613806903,"not promoted"
"49",31.43,6.23811905952977,"not promoted"
"50",18.17,-1.59579789894947,"not promoted"
"51",58.19,9.06953476738369,"promoted"
"52",23.44,-4.78739369684842,"not promoted"
"53",31.61,5.87793896948474,"not promoted"
"54",39.07,6.95847923961981,"not promoted"
"55",41.91,2.8864432216108,"promoted"
"56",40.57,4.64732366183092,"not promoted"
"57",18.84,9.37968984492246,"not promoted"
"58",39.35,-3.41670835417709,"not promoted"
"59",50.65,-0.0250125062531268,"not promoted"
"60",38.17,7.90895447723862,"not promoted"
"61",27.6,6.65832916458229,"not promoted"
"62",45.12,-6.37818909454727,"not promoted"
"63",31.95,5.26763381690845,"not promoted"
"64",26.93,9.46973486743371,"not promoted"
"65",41.32,4.31715857928964,"not promoted"
"66",57.37,0.56528264132066,"promoted"
"67",49.45,5.65782891445723,"promoted"
"68",38.07,-9.50975487743872,"not promoted"
"69",32.71,3.27663831915958,"not promoted"
"70",56.74,8.36918459229615,"promoted"
"71",19.11,-4.94747373686843,"not promoted"
"72",53.34,3.46673336668334,"promoted"
"73",42.54,-7.61880940470235,"not promoted"
"74",23.88,1.09554777388694,"promoted"
"75",59.98,-9.92996498249125,"not promoted"
"76",57,2.63631815907954,"promoted"
"77",32.5,-5.1375687843922,"not promoted"
"78",39.7,7.42871435717859,"not promoted"
"79",21,8.66933466733366,"not promoted"
"80",57.06,-3.90695347673837,"not promoted"
"81",53.3,-4.20710355177589,"not promoted"
"82",49.66,7.14857428714357,"not promoted"
"83",19.24,-3.43671835917959,"not promoted"
"84",55.76,-4.15707853926963,"not promoted"
"85",45.06,6.72836418209105,"not promoted"
"86",19.18,5.28764382191095,"not promoted"
"87",45.65,8.49924962481241,"not promoted"
"88",22.52,8.23911955977989,"not promoted"
"89",41.09,4.80740370185092,"not promoted"
"90",51.7,-5.85792896448224,"not promoted"
"91",58.24,-0.365182591295648,"not promoted"
"92",56.58,-9.84992496248124,"not promoted"
"93",29.64,8.54927463731866,"not promoted"
"94",26.01,-0.0850425212606307,"not promoted"
"95",54.41,4.08704352176088,"promoted"
"96",38.4,-9.80990495247624,"not promoted"
"97",48.36,7.38869434717359,"not promoted"
"98",41.38,-7.30865432716358,"not promoted"
"99",45.54,9.25962981490745,"not promoted"
"100",54.98,8.92946473236618,"promoted"
"101",55.31,8.90945472736368,"promoted"
"102",28.78,7.94897448724362,"not promoted"
"103",40,-5.78789394697349,"not promoted"
"104",53.15,-1.74587293646823,"not promoted"
"105",45.46,-3.19659829914958,"not promoted"
"106",55.92,-8.83941970985493,"not promoted"
"107",59.05,3.92696348174087,"promoted"
"108",37.56,0.23511755877939,"promoted"
"109",20.31,7.05852926463232,"not promoted"
"110",52.98,-6.97848924462231,"not promoted"
"111",36.99,5.82791395697849,"not promoted"
"112",56.91,2.0360180090045,"promoted"
"113",36.64,9.69984992496248,"not promoted"
"114",38.86,5.64782391195598,"not promoted"
"115",49.14,2.38619309654827,"promoted"
"116",50.69,-6.39819909954977,"not promoted"
"117",59.14,3.6368184092046,"promoted"
"118",53.42,-7.97898949474737,"not promoted"
"119",56.83,0.935467733866933,"promoted"
"120",56.95,3.28664332166083,"promoted"
"121",30.4,6.11805902951476,"not promoted"
"122",33.38,-5.93796898449225,"not promoted"
"123",33.11,-0.23511755877939,"not promoted"
"124",45.36,-9.08954477238619,"not promoted"
"125",26.95,4.28714357178589,"not promoted"
"126",38.15,1.17558779389695,"promoted"
"127",56.97,9.33966983491746,"promoted"
"128",31.05,-5.37768884442221,"not promoted"
"129",53.95,-3.50675337668834,"not promoted"
"130",46.97,8.48924462231115,"not promoted"
"131",33.4,-9.06953476738369,"not promoted"
"132",28.25,6.68834417208604,"not promoted"
"133",59.22,-6.008004002001,"not promoted"
"134",55.02,-0.105052526263131,"not promoted"
"135",29.35,-9.59979989994997,"not promoted"
"136",18.76,-6.84842421210605,"not promoted"
"137",44.16,-8.44922461230615,"not promoted"
"138",38.57,8.46923461730865,"not promoted"
"139",38.46,-9.33966983491746,"not promoted"
"140",36.03,-6.64832416208104,"not promoted"
"141",49.58,-3.42671335667834,"not promoted"
"142",47.73,-1.71585792896448,"not promoted"
"143",20.29,9.74987493746873,"not promoted"
"144",54.37,-3.82691345672836,"not promoted"
"145",31.68,5.80790395197599,"not promoted"
"146",32.69,-9.98999499749875,"not promoted"
"147",22.43,7.67883941970986,"not promoted"
"148",59.37,-9.23961980990495,"not promoted"
"149",31.47,-0.925462731365682,"not promoted"
"150",28.9,-8.27913956978489,"not promoted"
"151",20.21,-2.79639819909955,"not promoted"
"152",42.5,-8.08904452226113,"not promoted"
"153",23.76,1.75587793896949,"not promoted"
"154",34.3,-5.68784392196098,"not promoted"
"155",19.41,3.96698349174587,"not promoted"
"156",27.81,7.35867933966983,"not promoted"
"157",59.39,-5.10755377688844,"not promoted"
"158",47.46,3.47673836918459,"promoted"
"159",22.1,2.50625312656328,"not promoted"
"160",32.88,-7.55877938969485,"not promoted"
"161",27.96,-7.04852426213107,"not promoted"
"162",25.06,-6.27813906953477,"not promoted"
"163",52.39,5.78789394697349,"promoted"
"164",42.23,-3.74687343671836,"not promoted"
"165",58.3,1.50575287643822,"promoted"
"166",50.25,-7.38869434717359,"not promoted"
"167",24.72,-5.44772386193097,"not promoted"
"168",35.61,8.24912456228114,"not promoted"
"169",55.82,5.41770885442721,"promoted"
"170",56.47,-4.19709854927464,"not promoted"
"171",52.71,8.52926463231616,"not promoted"
"172",51.39,2.72636318159079,"promoted"
"173",40.42,2.85642821410705,"promoted"
"174",28.76,6.19809904952476,"not promoted"
"175",54.18,-8.95947973986993,"not promoted"
"176",30.98,7.12856428214107,"not promoted"
"177",41.15,-5.34767383691846,"not promoted"
"178",51.28,-5.30765382691346,"not promoted"
"179",34.18,-1.33566783391696,"not promoted"
"180",27.85,-5.32766383191596,"not promoted"
"181",25.52,5.60780390195097,"not promoted"
"182",30,-3.47673836918459,"not promoted"
"183",59.85,7.28864432216108,"promoted"
"184",36.51,5.967983991996,"not promoted"
"185",29.81,-7.98899449724862,"not promoted"
"186",38.42,-2.43621810905453,"not promoted"
"187",56.93,7.25862931465733,"promoted"
"188",46.66,8.10905452726363,"not promoted"
"189",29.14,-0.835417708854427,"not promoted"
"190",18.08,-3.92696348174087,"not promoted"
"191",50.99,-4.22711355677839,"not promoted"
"192",35.08,-0.955477738869435,"not promoted"
"193",20.9,2.61630815407704,"not promoted"
"194",56.87,8.33916958479239,"promoted"
"195",43.72,-8.60930465232616,"not promoted"
"196",47.23,7.77888944472236,"not promoted"
"197",32.1,-6.78839419709855,"not promoted"
"198",32.08,8.4792396198099,"not promoted"
"199",49.05,2.8464232116058,"promoted"
"200",28.55,-1.39569784892446,"not promoted"
"201",20.19,-0.355177588794398,"not promoted"
"202",41.03,5.88794397198599,"not promoted"
"203",44.83,4.95747873936968,"not promoted"
"204",55.86,6.35817908954477,"promoted"
"205",23.48,-5.01750875437719,"not promoted"
"206",55.52,9.72986493246623,"promoted"
"207",38.65,0.0150075037518764,"promoted"
"208",32.01,4.02701350675338,"not promoted"
"209",52.79,-0.415207603801901,"not promoted"
"210",55.15,8.17908954477238,"promoted"
"211",59.92,1.84592296148074,"promoted"
"212",20.67,7.55877938969485,"not promoted"
"213",26.47,-8.03901950975488,"not promoted"
"214",55.61,-0.795397698849426,"not promoted"
"215",45.73,0.445222611305653,"promoted"
"216",43.3,8.4392196098049,"not promoted"
"217",30.65,4.59729864932466,"not promoted"
"218",29.66,3.51675837918959,"not promoted"
"219",52.35,-0.965482741370685,"not promoted"
"220",25.14,1.62581290645323,"promoted"
"221",40.27,7.34867433716859,"not promoted"
"222",53.7,-7.08854427213607,"not promoted"
"223",52.33,4.17708854427214,"promoted"
"224",52.54,2.0760380190095,"promoted"
"225",56.6,-1.15557778889445,"not promoted"
"226",47.1,-7.59879939969985,"not promoted"
"227",45.29,2.60630315157579,"promoted"
"228",50.08,-8.96948474237119,"not promoted"
"229",42.58,-3.98699349674837,"not promoted"
"230",28.65,-4.52726363181591,"not promoted"
"231",34.6,6.18809404702351,"not promoted"
"232",56.09,6.33816908454227,"promoted"
"233",56.34,-5.63781890945473,"not promoted"
"234",27.64,-2.50625312656328,"not promoted"
"235",31.57,3.43671835917959,"not promoted"
"236",50.06,-7.96898449224612,"not promoted"
"237",37.67,2.20610305152576,"promoted"
"238",38.34,-8.40920460230115,"not promoted"
"239",33.97,-1.28564282141071,"not promoted"
"240",47.96,6.87843921960981,"promoted"
"241",19.87,6.42821410705353,"not promoted"
"242",34.47,-2.7663831915958,"not promoted"
"243",43.67,8.88944472236118,"not promoted"
"244",58.05,-7.11855927963982,"not promoted"
"245",48.38,-1.40570285142571,"not promoted"
"246",58.32,-4.89744872436218,"not promoted"
"247",28.42,2.83641820910455,"not promoted"
"248",54.01,6.28814407203602,"promoted"
"249",25.42,-9.38969484742371,"not promoted"
"250",55.94,-6.44822411205603,"not promoted"
"251",38.7,1.74587293646823,"promoted"
"252",18.48,-2.27613806903452,"not promoted"
"253",44.7,-9.34967483741871,"not promoted"
"254",25.5,-5.07753876938469,"not promoted"
"255",52.9,0.135067533766883,"promoted"
"256",56.03,-5.46773386693347,"not promoted"
"257",33.48,-7.37868934467234,"not promoted"
"258",36.07,-5.88794397198599,"not promoted"
"259",29.47,-2.056028014007,"not promoted"
"260",24.56,-0.465232616308155,"not promoted"
"261",59.79,0.505252626313156,"promoted"
"262",36.41,-6.93846923461731,"not promoted"
"263",51.76,8.44922461230615,"promoted"
"264",30.52,-6.30815407703852,"not promoted"
"265",40.19,-9.31965982991496,"not promoted"
"266",21.34,-4.23711855927964,"not promoted"
"267",38.99,7.47873936968484,"not promoted"
"268",56.32,3.98699349674837,"promoted"
"269",32.83,-8.12906453226613,"not promoted"
"270",59.66,6.14807403701851,"promoted"
"271",53.78,-6.40820410205102,"not promoted"
"272",34.7,2.17608804402201,"promoted"
"273",35.38,3.26663331665833,"promoted"
"274",28.48,-8.15907953976988,"not promoted"
"275",44.85,-3.36668334167084,"not promoted"
"276",28.27,1.40570285142571,"promoted"
"277",21.53,9.21960980490245,"not promoted"
"278",32.14,8.08904452226113,"not promoted"
"279",51.6,1.15557778889445,"promoted"
"280",50.8,9.44972486243121,"not promoted"
"281",30.21,8.3591795897949,"not promoted"
"282",18.53,-8.09904952476238,"not promoted"
"283",37.62,-4.05702851425713,"not promoted"
"284",36.43,2.45622811405703,"promoted"
"285",34.2,-8.75937968984492,"not promoted"
"286",19.39,-4.37718859429715,"not promoted"
"287",19.43,-1.54577288644322,"not promoted"
"288",50.44,1.72586293146573,"promoted"
"289",27.39,5.83791895947974,"not promoted"
"290",25.61,-4.3271635817909,"not promoted"
"291",48.44,8.59929964982491,"not promoted"
"292",18.4,7.31865932966483,"not promoted"
"293",39.45,1.2256128064032,"promoted"
"294",48.86,4.85742871435718,"promoted"
"295",20.1,2.15607803901951,"not promoted"
"296",45.92,4.93746873436718,"not promoted"
"297",48.11,1.58579289644822,"promoted"
"298",21.59,4.78739369684842,"not promoted"
"299",53.19,1.57578789394697,"promoted"
"300",39.68,3.66683341670835,"not promoted"
"301",51.26,-6.05802901450725,"not promoted"
"302",21.63,-4.09704852426213,"not promoted"
"303",53.49,-3.29664832416208,"not promoted"
"304",37.92,-5.84792396198099,"not promoted"
"305",49.26,1.12556278139069,"promoted"
"306",41.24,-6.07803901950976,"not promoted"
"307",56.53,-4.01700850425213,"not promoted"
"308",57.21,3.69684842421211,"promoted"
"309",43.21,9.41970985492746,"not promoted"
"310",19.16,0.575287643821911,"promoted"
"311",26.85,2.99649824912456,"not promoted"
"312",40.25,-9.1295647823912,"not promoted"
"313",54.05,-1.41570785392696,"not promoted"
"314",37.77,-0.24512256128064,"not promoted"
"315",46.55,-9.32966483241621,"not promoted"
"316",46.53,-5.64782391195598,"not promoted"
"317",40.04,-6.43821910955478,"not promoted"
"318",23.78,0.0250125062531268,"promoted"
"319",38.36,8.83941970985493,"not promoted"
"320",26.49,-9.56978489244622,"not promoted"
"321",32.37,-0.56528264132066,"not promoted"
"322",22.73,0.665332666333166,"promoted"
"323",40.59,-2.14607303651826,"not promoted"
"324",51.78,1.08554277138569,"promoted"
"325",42.31,9.91995997998999,"not promoted"
"326",28.67,5.1975987993997,"not promoted"
"327",33.23,1.73586793396698,"promoted"
"328",48.72,-5.40770385192596,"not promoted"
"329",44.33,5.68784392196098,"promoted"
"330",49.91,-4.72736368184092,"not promoted"
"331",19.91,-1.00550275137569,"not promoted"
"332",35.02,-8.80940470235118,"not promoted"
"333",29.58,4.30715357678839,"not promoted"
"334",49.87,-9.04952476238119,"not promoted"
"335",57.39,5.2976488244122,"promoted"
"336",48.32,-8.67933966983492,"not promoted"
"337",22.6,2.30615307653827,"not promoted"
"338",37.9,7.93896948474237,"not promoted"
"339",59.75,-8.46923461730865,"not promoted"
"340",44.14,1.13556778389195,"promoted"
"341",33.34,9.90995497748874,"not promoted"
"342",46.01,0.585292646323161,"promoted"
"343",27.41,-9.52976488244122,"not promoted"
"344",22.27,-0.205102551275639,"not promoted"
"345",57.96,7.01850925462731,"promoted"
"346",21.03,-6.31815907953977,"not promoted"
"347",29.53,0.535267633816908,"promoted"
"348",39.83,-3.84692346173087,"not promoted"
"349",53.65,-3.6568284142071,"not promoted"
"350",46.34,-9.83991995997999,"not promoted"
"351",21.49,-7.85892946473237,"not promoted"
"352",22.37,9.55977988994497,"not promoted"
"353",57.9,2.40620310155077,"promoted"
"354",34.43,2.67633816908454,"promoted"
"355",34.54,9.10955477738869,"not promoted"
"356",24.79,-8.26913456728364,"not promoted"
"357",32.73,-9.19959979989995,"not promoted"
"358",49.2,-6.48824412206103,"not promoted"
"359",35.25,-7.17858929464732,"not promoted"
"360",49.62,-8.4192096048024,"not promoted"
"361",55.1,-1.88594297148574,"not promoted"
"362",38.02,1.56578289144572,"promoted"
"363",30.27,9.61980990495248,"not promoted"
"364",29.09,-2.28614307153577,"not promoted"
"365",55.63,-1.17558779389695,"not promoted"
"366",59.58,8.87943971985993,"promoted"
"367",28.11,5.70785392696348,"not promoted"
"368",32.18,1.46573286643322,"promoted"
"369",26.24,-5.76788394197099,"not promoted"
"370",39.43,0.415207603801901,"promoted"
"371",18.23,3.73686843421711,"not promoted"
"372",41.93,0.0750375187593786,"promoted"
"373",44.49,7.19859929964982,"not promoted"
"374",32.46,8.76938469234617,"not promoted"
"375",42.79,1.90595297648824,"promoted"
"376",57.02,-7.87893946973487,"not promoted"
"377",21.47,9.56978489244622,"not promoted"
"378",24.01,4.18709354677339,"not promoted"
"379",43.32,0.905452726363182,"promoted"
"380",45.4,-9.66983491745873,"not promoted"
"381",41.43,-2.59629814907454,"not promoted"
"382",49.03,-3.6168084042021,"not promoted"
"383",24.3,-0.285142571285643,"not promoted"
"384",18.63,-0.00500250125062607,"not promoted"
"385",26.8,8.4192096048024,"not promoted"
"386",47.31,-5.79789894947474,"not promoted"
"387",28.3,3.5767883941971,"not promoted"
"388",26.07,9.35967983991996,"not promoted"
"389",29.72,-4.92746373186593,"not promoted"
"390",31.76,6.44822411205603,"not promoted"
"391",46.89,-2.61630815407704,"not promoted"
"392",43.61,2.43621810905453,"promoted"
"393",45.23,0.595297648824411,"promoted"
"394",41.11,-6.22811405702851,"not promoted"
"395",22.16,5.09754877438719,"not promoted"
"396",55.29,-2.34617308654327,"not promoted"
"397",42.25,4.4872436218109,"not promoted"
"398",20.44,3.95697848924462,"not promoted"
"399",30.31,-8.4392196098049,"not promoted"
"400",24.66,-7.33866933466733,"not promoted"
"401",22.35,5.44772386193097,"not promoted"
"402",46.45,-8.24912456228114,"not promoted"
"403",42.67,5.77788894447224,"not promoted"
"404",35.27,6.62831415707854,"not promoted"
"405",44.35,-0.845422711355678,"not promoted"
"406",38.63,6.97848924462231,"not promoted"
"407",42.08,7.45872936468234,"not promoted"
"408",43.59,6.56828414207104,"not promoted"
"409",25.69,-9.09954977488744,"not promoted"
"410",50.71,-0.385192596298149,"not promoted"
"411",26.66,-7.28864432216108,"not promoted"
"412",24.6,7.11855927963982,"not promoted"
"413",44.64,-7.13856928464232,"not promoted"
"414",20.42,-4.64732366183092,"not promoted"
"415",21.66,4.00700350175087,"not promoted"
"416",20.06,5.11755877938969,"not promoted"
"417",31.78,-0.855427713856928,"not promoted"
"418",27.08,-0.135067533766884,"not promoted"
"419",39.41,-4.93746873436718,"not promoted"
"420",36.91,0.625312656328164,"promoted"
"421",59.43,1.87593796898449,"promoted"
"422",19.28,-0.625312656328164,"not promoted"
"423",30.61,7.97898949474737,"not promoted"
"424",43.51,1.54577288644322,"promoted"
"425",24.77,5.36768384192096,"not promoted"
"426",45.08,5.9479739869935,"promoted"
"427",26.32,8.02901450725363,"not promoted"
"428",51.62,8.40920460230115,"not promoted"
"429",56.85,-6.11805902951476,"not promoted"
"430",52.27,2.75637818909455,"promoted"
"431",21.26,1.71585792896448,"not promoted"
"432",30.63,-1.89594797398699,"not promoted"
"433",27.24,2.8064032016008,"not promoted"
"434",33.02,-4.10705352676338,"not promoted"
"435",41.95,7.53876938469234,"not promoted"
"436",21.68,6.93846923461731,"not promoted"
"437",19.13,-0.0550275137568779,"not promoted"
"438",43.19,-0.655327663831915,"not promoted"
"439",54.89,-0.905452726363182,"not promoted"
"440",57.67,4.76738369184592,"promoted"
"441",51.47,-9.1895947973987,"not promoted"
"442",34.79,-0.615307653826914,"not promoted"
"443",19.2,1.01550775387694,"promoted"
"444",18.61,-1.79589794897449,"not promoted"
"445",49.85,-8.3791895947974,"not promoted"
"446",21.99,0.72536268134067,"promoted"
"447",20.92,4.57728864432216,"not promoted"
"448",39.81,-4.50725362681341,"not promoted"
"449",33.27,-4.88744372186093,"not promoted"
"450",37.52,-2.06603301650825,"not promoted"
"451",48.28,-3.27663831915958,"not promoted"
"452",22.03,-6.29814907453727,"not promoted"
"453",55.48,-7.90895447723862,"not promoted"
"454",52.16,-4.12706353176588,"not promoted"
"455",26.72,7.16858429214607,"not promoted"
"456",52.14,6.76838419209605,"not promoted"
"457",41.72,-0.665332666333168,"not promoted"
"458",25.86,3.10655327663832,"not promoted"
"459",46.72,-6.66833416708354,"not promoted"
"460",34.37,-6.35817908954477,"not promoted"
"461",43.74,-7.89894947473737,"not promoted"
"462",45.25,-0.685342671335668,"not promoted"
"463",48.63,8.55927963981991,"not promoted"
"464",43.57,6.84842421210605,"not promoted"
"465",45.5,4.77738869434717,"not promoted"
"466",39.2,9.79989994997499,"not promoted"
"467",21.36,3.07653826913457,"not promoted"
"468",39.05,-1.83591795897949,"not promoted"
"469",38.04,-5.1575787893947,"not promoted"
"470",48.47,-5.41770885442721,"not promoted"
"471",40.06,-9.90995497748874,"not promoted"
"472",38.91,7.79889944972486,"not promoted"
"473",40.46,7.6688344172086,"not promoted"
"474",57.58,-1.32566283141571,"not promoted"
"475",35.52,4.67733866933467,"not promoted"
"476",37.98,-0.0450225112556275,"not promoted"
"477",41.74,-3.10655327663832,"not promoted"
"478",55.04,-0.775387693846923,"not promoted"
"479",28.61,-8.57928964482241,"not promoted"
"480",54.64,-5.70785392696348,"not promoted"
"481",58.17,4.22711355677839,"promoted"
"482",30.23,-5.81790895447724,"not promoted"
"483",39.98,-1.10555277638819,"not promoted"
"484",19.7,-6.14807403701851,"not promoted"
"485",52.18,-1.87593796898449,"not promoted"
"486",24.62,9.52976488244122,"not promoted"
"487",27.66,-9.36968484242121,"not promoted"
"488",46.03,-4.24712356178089,"not promoted"
"489",18.99,-8.29914957478739,"not promoted"
"490",57.31,-3.38669334667334,"not promoted"
"491",36.45,4.82741370685343,"not promoted"
"492",42.88,-6.21810905452726,"not promoted"
"493",39.66,9.27963981990995,"not promoted"
"494",29.01,2.65632816408204,"not promoted"
"495",31.01,-3.99699849924963,"not promoted"
"496",35.12,-5.87793896948474,"not promoted"
"497",39.33,-7.10855427713857,"not promoted"
"498",35.44,4.89744872436218,"not promoted"
"499",37.48,8.79939969984992,"not promoted"
"500",48.8,-0.375187593796898,"not promoted"
"501",41.2,-3.91695847923962,"not promoted"
"502",48.34,-1.05552776388194,"not promoted"
"503",26.53,8.77938969484742,"not promoted"
"504",47.16,3.01650825412706,"promoted"
"505",50.21,-2.68634317158579,"not promoted"
"506",27.87,-3.03651825912956,"not promoted"
"507",43.34,0.655327663831915,"promoted"
"508",37.85,-0.605302651325664,"not promoted"
"509",56.43,9.83991995997999,"promoted"
"510",35.33,0.525262631315657,"promoted"
"511",57.81,5.2376188094047,"promoted"
"512",40.67,9.50975487743872,"not promoted"
"513",34.39,-1.935967983992,"not promoted"
"514",36.49,3.02651325662831,"promoted"
"515",31.93,-7.5287643821911,"not promoted"
"516",54.68,5.37768884442221,"promoted"
"517",44.66,6.41820910455228,"promoted"
"518",32.29,-2.08604302151076,"not promoted"
"519",58.74,-0.815407703851927,"not promoted"
"520",51.34,-7.74887443721861,"not promoted"
"521",47.52,-6.99849924962481,"not promoted"
"522",59.81,-7.79889944972486,"not promoted"
"523",44.47,-6.69834917458729,"not promoted"
"524",26.55,-3.02651325662831,"not promoted"
"525",52.69,1.60580290145072,"promoted"
"526",27.79,6.94847423711856,"not promoted"
"527",50.61,-4.06703351675838,"not promoted"
"528",27.33,-0.975487743871936,"not promoted"
"529",58.7,-9.63981990995498,"not promoted"
"530",31.19,-0.445222611305653,"not promoted"
"531",20.5,8.26913456728364,"not promoted"
"532",26.64,-9.55977988994497,"not promoted"
"533",55.23,-6.74837418709355,"not promoted"
"534",36.72,-8.14907453726863,"not promoted"
"535",19.6,0.375187593796898,"promoted"
"536",24.26,1.64582291145573,"promoted"
"537",44.24,-4.63731865932967,"not promoted"
"538",49.35,9.58979489744872,"promoted"
"539",37.37,5.2776388194097,"not promoted"
"540",58.72,-2.8264132066033,"not promoted"
"541",25.02,9.09954977488744,"not promoted"
"542",25.96,5.07753876938469,"not promoted"
"543",40.52,8.3791895947974,"not promoted"
"544",22.2,1.25562781390695,"promoted"
"545",19.55,-1.06553276638319,"not promoted"
"546",20.27,-2.95647823911956,"not promoted"
"547",58.84,-0.0750375187593804,"not promoted"
"548",20.63,-1.61580790395198,"not promoted"
"549",37.94,-1.77588794397199,"not promoted"
"550",20.48,-2.11605802901451,"not promoted"
"551",40.36,-3.31665832916458,"not promoted"
"552",48.82,-8.3191595797899,"not promoted"
"553",56.3,-6.7783891945973,"not promoted"
"554",42.96,4.39719859929965,"not promoted"
"555",59.35,-7.24862431215608,"not promoted"
"556",26.19,-7.65882941470735,"not promoted"
"557",53.68,-2.64632316158079,"not promoted"
"558",32.39,7.88894447223612,"not promoted"
"559",19.34,1.00550275137569,"promoted"
"560",49.22,-5.36768384192096,"not promoted"
"561",20.25,-0.985492746373186,"not promoted"
"562",25.58,-6.96848424212106,"not promoted"
"563",30.94,-8.76938469234617,"not promoted"
"564",27.94,-0.425212606303152,"not promoted"
"565",37.46,0.805402701350674,"promoted"
"566",34.09,-2.83641820910455,"not promoted"
"567",32.62,-7.82891445722861,"not promoted"
"568",50.34,5.38769384692346,"promoted"
"569",46.18,-2.32616308154077,"not promoted"
"570",18.65,-3.66683341670835,"not promoted"
"571",22.79,6.20810405202601,"not promoted"
"572",37.33,1.10555277638819,"promoted"
"573",38.78,-7.91895947973987,"not promoted"
"574",45.04,-8.68934467233617,"not promoted"
"575",36.34,-3.09654827413707,"not promoted"
"576",18.44,5.31765882941471,"not promoted"
"577",51.43,-9.25962981490745,"not promoted"
"578",36.74,1.96598299149575,"promoted"
"579",58.15,0.545272636318158,"promoted"
"580",27.5,1.51575787893947,"promoted"
"581",29.62,-9.40970485242621,"not promoted"
"582",18.82,1.44572286143072,"not promoted"
"583",44.79,-3.14657328664332,"not promoted"
"584",45.61,7.80890445222611,"not promoted"
"585",18.15,3.31665832916458,"not promoted"
"586",45.52,1.23561780890445,"promoted"
"587",58.89,-2.37618809404702,"not promoted"
"588",25.46,-9.48974487243622,"not promoted"
"589",40.84,-2.40620310155078,"not promoted"
"590",47.44,4.21710855427714,"promoted"
"591",53.91,4.06703351675838,"promoted"
"592",54.12,-5.39769884942471,"not promoted"
"593",55.4,8.30915457728864,"promoted"
"594",56.79,3.52676338169085,"promoted"
"595",25.98,-3.69684842421211,"not promoted"
"596",43.07,1.34567283641821,"promoted"
"597",27.77,6.71835917958979,"not promoted"
"598",59.52,0.24512256128064,"promoted"
"599",27.83,6.54827413706854,"not promoted"
"600",47.92,-9.76988494247124,"not promoted"
"601",23.92,2.29614807403702,"not promoted"
"602",47.98,-2.22611305652826,"not promoted"
"603",29.11,9.30965482741371,"not promoted"
"604",22.08,-7.31865932966483,"not promoted"
"605",27.31,7.17858929464732,"not promoted"
"606",26.57,0.915457728864432,"promoted"
"607",36.05,-5.82791395697849,"not promoted"
"608",38.11,8.11905952976488,"not promoted"
"609",43.91,0.105052526263131,"promoted"
"610",56.26,6.51825912956478,"promoted"
"611",18.32,2.14607303651826,"not promoted"
"612",47.41,-3.15657828914457,"not promoted"
"613",23.55,4.20710355177589,"not promoted"
"614",33.04,-0.395197598799401,"not promoted"
"615",26.68,0.825412706353177,"promoted"
"616",47.37,6.49824912456228,"not promoted"
"617",51.09,-2.29614807403702,"not promoted"
"618",24.74,7.6288144072036,"not promoted"
"619",56.55,-8.04902451225613,"not promoted"
"620",20.94,1.11555777888944,"promoted"
"621",53.86,7.44872436218109,"promoted"
"622",41.76,-0.645322661330665,"not promoted"
"623",28.44,4.79739869934967,"not promoted"
"624",24.81,3.6768384192096,"not promoted"
"625",35.14,-8.98949474737369,"not promoted"
"626",32.98,9.85992996498249,"not promoted"
"627",18.5,8.75937968984492,"not promoted"
"628",33.19,9.29964982491246,"not promoted"
"629",29.93,-2.93646823411706,"not promoted"
"630",53.47,4.83741870935468,"promoted"
"631",29.03,7.70885442721361,"not promoted"
"632",32.85,-2.89644822411206,"not promoted"
"633",55.42,3.75687843921961,"promoted"
"634",45.8,7.49874937468734,"not promoted"
"635",30.88,-8.72936468234117,"not promoted"
"636",34.07,-5.38769384692346,"not promoted"
"637",27.62,-8.73936968484242,"not promoted"
"638",21.8,7.09854927463732,"not promoted"
"639",27.73,-6.7983991995998,"not promoted"
"640",40.94,-7.27863931965983,"not promoted"
"641",42.1,4.05702851425713,"promoted"
"642",59.87,-0.265132566283143,"not promoted"
"643",58.97,1.975987993997,"promoted"
"644",52.08,-1.94597298649325,"not promoted"
"645",41.83,-2.98649324662331,"not promoted"
"646",58.57,-0.715357678839419,"not promoted"
"647",50.92,-7.16858429214607,"not promoted"
"648",54.56,-9.68984492246123,"not promoted"
"649",22.45,0.765382691345673,"promoted"
"650",52.23,-8.25912956478239,"not promoted"
"651",58.8,5.20760380190095,"promoted"
"652",22.87,8.00900450225112,"not promoted"
"653",57.94,6.67833916958479,"promoted"
"654",32.04,4.58729364682341,"not promoted"
"655",57.56,-4.90745372686343,"not promoted"
"656",54.16,5.56778389194597,"promoted"
"657",22.69,4.24712356178089,"not promoted"
"658",54.52,4.61730865432716,"promoted"
"659",57.16,-3.88694347173587,"not promoted"
"660",52.88,3.72686343171586,"promoted"
"661",59.29,8.85942971485743,"promoted"
"662",24.32,0.435217608804402,"promoted"
"663",33.93,-1.1655827913957,"not promoted"
"664",35.19,-6.59829914957479,"not promoted"
"665",29.87,-4.4072036018009,"not promoted"
"666",24.45,-2.71635817908954,"not promoted"
"667",25.75,-6.53826913456728,"not promoted"
"668",22.39,4.3871935967984,"not promoted"
"669",29.56,-3.05652826413207,"not promoted"
"670",37.35,8.96948474237119,"not promoted"
"671",40.5,-2.36618309154577,"not promoted"
"672",51.89,-8.79939969984992,"not promoted"
"673",25.56,7.22861430715358,"not promoted"
"674",46.51,-4.49724862431216,"not promoted"
"675",44.6,8.01900950475238,"not promoted"
"676",42.18,-9.72986493246623,"not promoted"
"677",20.73,-2.42621310655328,"not promoted"
"678",25.77,1.29564782391196,"promoted"
"679",30.75,3.16658329164582,"not promoted"
"680",48.21,2.13606803401701,"promoted"
"681",27.18,7.15857928964482,"not promoted"
"682",56.01,6.15807903951976,"promoted"
"683",56.7,5.33766883441721,"promoted"
"684",54.77,-1.09554777388694,"not promoted"
"685",30.92,-2.18609304652326,"not promoted"
"686",26.22,9.76988494247124,"not promoted"
"687",19.93,-1.11555777888944,"not promoted"
"688",41.45,3.97698849424712,"promoted"
"689",45.19,-8.32916458229115,"not promoted"
"690",23.59,-3.24662331165583,"not promoted"
"691",45.27,-4.81740870435218,"not promoted"
"692",53.93,-3.04652326163082,"not promoted"
"693",33.36,5.54777388694347,"not promoted"
"694",53.89,-3.60680340170085,"not promoted"
"695",28.13,0.205102551275637,"promoted"
"696",35,-1.58579289644822,"not promoted"
"697",37.79,-2.63631815907954,"not promoted"
"698",36.24,9.71985992996498,"not promoted"
"699",48.59,-7.07853926963482,"not promoted"
"700",40.82,9.2896448224112,"not promoted"
"701",35.63,-3.46673336668334,"not promoted"
"702",28.72,5.67783891945973,"not promoted"
"703",45.59,-0.325162581290646,"not promoted"
"704",43.84,9.05952976488244,"not promoted"
"705",50.29,-6.41820910455228,"not promoted"
"706",29.89,5.89794897448724,"not promoted"
"707",42.77,-0.25512756378189,"not promoted"
"708",30.77,-7.78889444722361,"not promoted"
"709",38.55,-3.80690345172586,"not promoted"
"710",36.28,-2.99649824912456,"not promoted"
"711",26.45,7.07853926963482,"not promoted"
"712",40.23,-0.495247623811906,"not promoted"
"713",18.02,-4.91745872936468,"not promoted"
"714",54.5,-3.68684342171086,"not promoted"
"715",27.71,0.355177588794398,"promoted"
"716",54.43,2.39619809904952,"promoted"
"717",21.91,-3.70685342671336,"not promoted"
"718",38.13,-7.34867433716858,"not promoted"
"719",55.99,2.91645822911456,"promoted"
"720",46.2,-7.5687843921961,"not promoted"
"721",57.63,3.93696848424212,"promoted"
"722",56.24,-4.53726863431716,"not promoted"
"723",23.74,-4.85742871435718,"not promoted"
"724",52.94,-5.28764382191096,"not promoted"
"725",55.8,1.31565782891446,"promoted"
"726",35.8,3.33666833416708,"not promoted"
"727",20.71,-7.88894447223612,"not promoted"
"728",42.48,-2.49624812406203,"not promoted"
"729",50.94,-4.99749874937469,"not promoted"
"730",19.32,-9.17958979489745,"not promoted"
"731",30.46,8.80940470235117,"not promoted"
"732",43.13,-0.175087543771886,"not promoted"
"733",20.75,4.45722861430715,"not promoted"
"734",45.38,-7.81890945472736,"not promoted"
"735",21.72,-8.86943471735868,"not promoted"
"736",58.21,7.32866433216608,"promoted"
"737",58.66,-5.2176088044022,"not promoted"
"738",21.07,0.395197598799399,"promoted"
"739",51.11,-3.85692846423212,"not promoted"
"740",51.72,-1.69584792396198,"not promoted"
"741",20.96,-1.65582791395698,"not promoted"
"742",38.84,3.76688344172086,"promoted"
"743",53.53,-5.57778889444722,"not promoted"
"744",43.28,8.58929464732366,"not promoted"
"745",46.15,2.7463731865933,"promoted"
"746",35.06,5.39769884942471,"not promoted"
"747",21.87,-9.9799899949975,"not promoted"
"748",35.77,-3.51675837918959,"not promoted"
"749",47.06,-3.71685842921461,"not promoted"
"750",47.86,4.14707353676838,"promoted"
"751",43.25,9.1295647823912,"not promoted"
"752",26.09,4.60730365182591,"not promoted"
"753",43.76,-4.75737868934467,"not promoted"
"754",37.88,2.06603301650825,"promoted"
"755",31.34,0.155077538769385,"promoted"
"756",21.82,5.05752876438219,"not promoted"
"757",58.34,-2.77638819409705,"not promoted"
"758",31.36,1.76588294147074,"promoted"
"759",49.7,9.17958979489745,"not promoted"
"760",37.69,0.515257628814407,"promoted"
"761",51.15,0.0950475237618811,"promoted"
"762",21.51,-8.4792396198099,"not promoted"
"763",54.92,6.47823911955978,"promoted"
"764",59.18,-3.13656828414207,"not promoted"
"765",48.13,6.8584292146073,"not promoted"
"766",34.03,6.0680340170085,"not promoted"
"767",43.7,4.12706353176588,"promoted"
"768",24.18,0.385192596298149,"promoted"
"769",33.3,4.69734867433717,"not promoted"
"770",38.23,4.74737368684342,"not promoted"
"771",53.21,-3.73686843421711,"not promoted"
"772",54.66,-3.18659329664832,"not promoted"
"773",23.63,-3.72686343171586,"not promoted"
"774",36.32,-8.81940970485243,"not promoted"
"775",29.68,-7.76888444222111,"not promoted"
"776",24.11,1.39569784892446,"promoted"
"777",43.02,-8.91945972986493,"not promoted"
"778",24.35,4.04702351175588,"not promoted"
"779",40.17,5.04752376188094,"not promoted"
"780",53.05,7.6488244122061,"promoted"
"781",41.99,-8.65932966483242,"not promoted"
"782",40.29,2.62631315657829,"promoted"
"783",27.9,6.40820410205103,"not promoted"
"784",32.64,-3.22661330665333,"not promoted"
"785",32.52,8.50925462731366,"not promoted"
"786",40.63,6.16808404202101,"not promoted"
"787",18.8,4.19709854927464,"not promoted"
"788",59.62,-6.61830915457729,"not promoted"
"789",29.95,8.51925962981491,"not promoted"
"790",43.53,4.4072036018009,"promoted"
"791",48.7,-9.959979989995,"not promoted"
"792",21.21,-2.88644322161081,"not promoted"
"793",41.51,7.48874437218609,"not promoted"
"794",54.6,7.57878939469735,"not promoted"
"795",18.67,7.00850425212606,"not promoted"
"796",58.68,6.74837418709355,"promoted"
"797",19.49,0.185092546273136,"promoted"
"798",53.36,-9.2696348174087,"not promoted"
"799",51.49,-4.39719859929965,"not promoted"
"800",48.84,9.63981990995498,"not promoted"
"801",46.41,5.24762381190595,"not promoted"
"802",18.21,1.9959979989995,"not promoted"
"803",45.94,2.94647323661831,"promoted"
"804",39.87,-4.4272136068034,"not promoted"
"805",20.16,-0.735367683841922,"not promoted"
"806",19.95,-4.55727863931966,"not promoted"
"807",45.57,-1.82591295647824,"not promoted"
"808",35.1,-6.94847423711856,"not promoted"
"809",46.05,7.85892946473237,"not promoted"
"810",37.31,0.775387693846923,"promoted"
"811",52.06,1.78589294647324,"promoted"
"812",48.3,-5.80790395197599,"not promoted"
"813",49.94,6.8384192096048,"not promoted"
"814",36.68,8.25912956478239,"not promoted"
"815",20.65,-2.21610805402701,"not promoted"
"816",56.76,3.81690845422711,"promoted"
"817",22.54,-5.43771885942972,"not promoted"
"818",39.39,7.26863431715858,"not promoted"
"819",30.48,7.89894947473737,"not promoted"
"820",27.2,-5.51775887943972,"not promoted"
"821",45.44,0.635317658829415,"promoted"
"822",20.33,6.53826913456728,"not promoted"
"823",27.27,3.70685342671336,"not promoted"
"824",23.4,-5.33766883441721,"not promoted"
"825",40.31,-6.95847923961981,"not promoted"
"826",19.03,4.07703851925963,"not promoted"
"827",31.49,-8.85942971485743,"not promoted"
"828",33.61,-6.25812906453227,"not promoted"
"829",52.37,1.48574287143572,"promoted"
"830",29.7,6.27813906953477,"not promoted"
"831",31.91,-8.3391695847924,"not promoted"
"832",58.42,-2.92646323161581,"not promoted"
"833",46.91,6.7783891945973,"promoted"
"834",56.07,6.60830415207604,"promoted"
"835",24.51,1.1655827913957,"promoted"
"836",49.37,-9.53976988494247,"not promoted"
"837",31.28,-7.45872936468234,"not promoted"
"838",28.09,-8.02901450725363,"not promoted"
"839",55.65,-1.64582291145573,"not promoted"
"840",25.23,3.14657328664332,"not promoted"
"841",57.75,2.11605802901451,"promoted"
"842",50,-1.23561780890445,"not promoted"
"843",28.93,-8.74937468734367,"not promoted"
"844",50.82,0.865432716358178,"promoted"
"845",38.74,-1.91595797898949,"not promoted"
"846",35.5,-8.4592296148074,"not promoted"
"847",36.78,4.91745872936468,"not promoted"
"848",55.5,0.755377688844423,"promoted"
"849",25.19,-2.51625812906453,"not promoted"
"850",54.62,-9.87993996998499,"not promoted"
"851",23.04,8.38919459729865,"not promoted"
"852",57.88,3.87693846923462,"promoted"
"853",56.13,9.59979989994997,"not promoted"
"854",41.7,-6.62831415707854,"not promoted"
"855",41.64,8.19909954977489,"not promoted"
"856",51.36,7.21860930465233,"not promoted"
"857",41.3,5.62781390695348,"not promoted"
"858",46.68,-9.54977488744372,"not promoted"
"859",55.17,-2.15607803901951,"not promoted"
"860",34.26,7.71885942971486,"not promoted"
"861",22.41,-7.6488244122061,"not promoted"
"862",32.2,-6.82841420710355,"not promoted"
"863",45.84,-4.3471735867934,"not promoted"
"864",37.58,-9.75987993996998,"not promoted"
"865",34.28,-2.016008004002,"not promoted"
"866",23.19,1.92596298149074,"not promoted"
"867",19.09,8.93946973486743,"not promoted"
"868",57.79,-8.92946473236618,"not promoted"
"869",50.02,8.97948974487243,"not promoted"
"870",25.21,-5.62781390695348,"not promoted"
"871",58.59,-5.27763881940971,"not promoted"
"872",18.57,3.03651825912956,"not promoted"
"873",56.11,-6.8584292146073,"not promoted"
"874",18.42,-9.13956978489245,"not promoted"
"875",46.99,-2.23611805902951,"not promoted"
"876",35.46,-8.07903951975988,"not promoted"
"877",41.53,-9.15957978989495,"not promoted"
"878",28.69,5.79789894947474,"not promoted"
"879",38.44,1.06553276638319,"promoted"
"880",34.96,7.33866933466733,"not promoted"
"881",47.56,-1.72586293146573,"not promoted"
"882",29.83,3.08654327163582,"not promoted"
"883",53.76,-9.74987493746873,"not promoted"
"884",25,-1.98599299649825,"not promoted"
"885",39.49,-5.54777388694347,"not promoted"
"886",44.62,9.89994997498749,"not promoted"
"887",46.22,4.66733366683342,"promoted"
"888",46.09,0.925462731365682,"promoted"
"889",50.36,-2.02601300650325,"not promoted"
"890",58.91,-6.89844922461231,"not promoted"
"891",22.64,4.68734367183592,"not promoted"
"892",57.08,-9.00950475237619,"not promoted"
"893",44.87,-7.70885442721361,"not promoted"
"894",19.66,2.68634317158579,"not promoted"
"895",57.14,-1.76588294147074,"not promoted"
"896",44.98,9.11955977988994,"not promoted"
"897",29.37,-1.80590295147574,"not promoted"
"898",21.38,3.82691345672836,"not promoted"
"899",41.68,3.06653326663332,"promoted"
"900",34.91,3.49674837418709,"not promoted"
"901",52.6,7.06853426713356,"promoted"
"902",50.52,-6.45822911455728,"not promoted"
"903",24.43,-2.57628814407204,"not promoted"
"904",46.26,-2.62631315657829,"not promoted"
"905",33.51,-6.7383691845923,"not promoted"
"906",39.85,5.84792396198099,"not promoted"
"907",18.88,-2.8664332166083,"not promoted"
"908",45.67,9.93996998499249,"not promoted"
"909",41.34,-0.675337668834418,"not promoted"
"910",39.54,-8.30915457728864,"not promoted"
"911",57.92,-8.55927963981991,"not promoted"
"912",58.63,4.99749874937469,"promoted"
"913",25.67,4.54727363681841,"not promoted"
"914",18.74,-7.68884442221111,"not promoted"
"915",24.03,-6.55827913956978,"not promoted"
"916",18.38,5.16758379189595,"not promoted"
"917",37.43,4.96748374187094,"not promoted"
"918",18.55,-9.1695847923962,"not promoted"
"919",25.37,-4.07703851925963,"not promoted"
"920",44.2,5.43771885942972,"not promoted"
"921",43.49,6.55827913956978,"not promoted"
"922",48.42,4.97748874437219,"promoted"
"923",46.81,9.01950975487744,"not promoted"
"924",34.81,2.00600300150075,"promoted"
"925",34.12,2.04602301150575,"promoted"
"926",50.5,3.6568284142071,"promoted"
"927",21.28,-9.42971485742871,"not promoted"
"928",38.25,9.40970485242621,"not promoted"
"929",46.47,-7.80890445222611,"not promoted"
"930",36.97,-8.06903451725863,"not promoted"
"931",49.83,-7.26863431715858,"not promoted"
"932",54.33,2.77638819409705,"promoted"
"933",59.41,-9.05952976488244,"not promoted"
"934",53.61,-5.14757378689345,"not promoted"
"935",50.31,5.91795897948974,"promoted"
"936",28.82,7.86893446723361,"not promoted"
"937",36.11,-4.4472236118059,"not promoted"
"938",42.86,-4.3671835917959,"not promoted"
"939",52.81,-1.85592796398199,"not promoted"
"940",23.8,7.87893946973487,"not promoted"
"941",37.2,2.10605302651326,"promoted"
"942",40.71,9.86993496748374,"not promoted"
"943",28.59,8.20910455227614,"not promoted"
"944",30.82,4.47723861930965,"not promoted"
"945",25.63,1.28564282141071,"promoted"
"946",55.38,-8.97948974487244,"not promoted"
"947",54.94,4.51725862931466,"promoted"
"948",25.16,-8.49924962481241,"not promoted"
"949",54.83,-7.67883941970985,"not promoted"
"950",46.49,2.32616308154077,"promoted"
"951",54.08,2.26613306653327,"promoted"
"952",26.99,-5.49774887443722,"not promoted"
"953",47.54,-6.90845422711356,"not promoted"
"954",34.22,7.43871935967984,"not promoted"
"955",46.07,9.23961980990495,"not promoted"
"956",41.07,4.01700850425213,"not promoted"
"957",23.13,1.85592796398199,"not promoted"
"958",18,5.69784892446223,"not promoted"
"959",29.32,3.48674337168584,"not promoted"
"960",58.78,0.315157578789394,"promoted"
"961",34.51,-0.405202601300651,"not promoted"
"962",20.4,-4.96748374187094,"not promoted"
"963",26.36,-4.31715857928964,"not promoted"
"964",35.96,4.88744372186093,"not promoted"
"965",22.24,5.59779889944972,"not promoted"
"966",52.42,9.98999499749875,"promoted"
"967",18.06,6.70835417708854,"not promoted"
"968",44.31,3.74687343671836,"promoted"
"969",44.75,-6.98849424712356,"not promoted"
"970",39.6,-8.61930965482741,"not promoted"
"971",23.17,-0.72536268134067,"not promoted"
"972",44.94,9.1695847923962,"not promoted"
"973",51.01,8.42921460730365,"not promoted"
"974",36.57,-2.20610305152576,"not promoted"
"975",37.83,-6.10805402701351,"not promoted"
"976",48.61,-0.155077538769385,"not promoted"
"977",50.88,5.40770385192596,"promoted"
"978",47.39,5.97798899449725,"promoted"
"979",44.07,0.125062531265632,"promoted"
"980",30.29,-3.5567783891946,"not promoted"
"981",29.39,8.61930965482741,"not promoted"
"982",56.2,-1.30565282641321,"not promoted"
"983",59.77,-3.87693846923462,"not promoted"
"984",47.79,5.49774887443722,"promoted"
"985",28.74,-8.78939469734867,"not promoted"
"986",36.87,-7.40870435217609,"not promoted"
"987",22.75,1.69584792396198,"not promoted"
"988",20.14,8.68934467233617,"not promoted"
"989",54.29,8.89944972486243,"not promoted"
"990",22.06,-5.26763381690845,"not promoted"
"991",53.26,-6.91845922961481,"not promoted"
"992",56.51,5.73786893446723,"promoted"
"993",31.85,0.985492746373186,"promoted"
"994",25.94,-3.81690845422711,"not promoted"
"995",58.26,3.60680340170085,"promoted"
"996",43.36,-2.73636818409205,"not promoted"
"997",31.09,8.53926963481741,"not promoted"
"998",31.22,1.61580790395197,"promoted"
"999",54.35,4.37718859429715,"promoted"
"1000",52.1,9.60980490245122,"promoted"
"1001",44.03,9.04952476238119,"not promoted"
"1002",45.15,-3.54677338669335,"not promoted"
"1003",44.01,-4.56728364182091,"not promoted"
"1004",45.82,-1.1855927963982,"not promoted"
"1005",51.83,-4.69734867433717,"not promoted"
"1006",52.5,0.00500250125062429,"promoted"
"1007",21.57,-1.2456228114057,"not promoted"
"1008",18.29,-9.67983991995998,"not promoted"
"1009",41.36,-7.57878939469735,"not promoted"
"1010",23.36,0.0350175087543771,"promoted"
"1011",34.62,5.57778889444722,"not promoted"
"1012",25.1,-7.86893446723362,"not promoted"
"1013",59.64,3.05652826413207,"promoted"
"1014",48.53,-2.65632816408204,"not promoted"
"1015",33.21,0.965482741370685,"promoted"
"1016",47.27,4.65732866433217,"promoted"
"1017",59.73,8.06903451725863,"promoted"
"1018",20.35,-5.967983991996,"not promoted"
"1019",37.1,0.715357678839419,"promoted"
"1020",35.29,-0.765382691345673,"not promoted"
"1021",59.12,4.33716858429215,"promoted"
"1022",51.87,2.7863931965983,"promoted"
"1023",49.12,-8.89944972486243,"not promoted"
"1024",30.04,-8.66933466733367,"not promoted"
"1025",34.35,1.2456228114057,"promoted"
"1026",20.98,-2.10605302651326,"not promoted"
"1027",21.84,3.99699849924962,"not promoted"
"1028",54.14,0.995497748874437,"promoted"
"1029",57.23,6.82841420710355,"promoted"
"1030",30.86,-9.2896448224112,"not promoted"
"1031",33.42,-5.45772886443222,"not promoted"
"1032",30.56,-6.12806403201601,"not promoted"
"1033",58.51,5.35767883941971,"promoted"
"1034",47.77,-3.5767883941971,"not promoted"
"1035",45.86,-3.79689844922461,"not promoted"
"1036",43.4,8.3991995997999,"not promoted"
"1037",51.97,8.14907453726864,"not promoted"
"1038",40.15,-8.3991995997999,"not promoted"
"1039",43.38,-9.01950975487744,"not promoted"
"1040",26.43,3.56678339169585,"not promoted"
"1041",29.74,-2.8464232116058,"not promoted"
"1042",38.88,9.84992496248124,"not promoted"
"1043",50.1,1.86593296648324,"promoted"
"1044",36.15,-4.4672336168084,"not promoted"
"1045",33.76,-6.0680340170085,"not promoted"
"1046",50.86,-3.00650325162581,"not promoted"
"1047",39.62,-6.50825412706353,"not promoted"
"1048",26.03,9.2296148074037,"not promoted"
"1049",30.17,7.65882941470735,"not promoted"
"1050",36.83,9.94997498749375,"not promoted"
"1051",37.39,-5.9879939969985,"not promoted"
"1052",36.13,-6.49824912456228,"not promoted"
"1053",53.44,8.74937468734367,"promoted"
"1054",20.02,8.70935467733867,"not promoted"
"1055",33.95,3.86693346673337,"not promoted"
"1056",48.99,-5.56778389194597,"not promoted"
"1057",35.21,-5.52776388194097,"not promoted"
"1058",32.77,-6.52826413206603,"not promoted"
"1059",25.92,3.54677338669335,"not promoted"
"1060",22.5,0.465232616308153,"promoted"
"1061",49.73,-8.62931465732866,"not promoted"
"1062",33.44,-7.44872436218109,"not promoted"
"1063",42.52,9.48974487243622,"not promoted"
"1064",23.02,-4.17708854427214,"not promoted"
"1065",34.83,-9.94997498749375,"not promoted"
"1066",51.68,-0.695347673836919,"not promoted"
"1067",23.57,9.959979989995,"not promoted"
"1068",45.78,-4.35717858929465,"not promoted"
"1069",48.15,-0.995497748874438,"not promoted"
"1070",33.06,-5.71785892946473,"not promoted"
"1071",37.81,-0.0150075037518764,"not promoted"
"1072",33.99,-7.6688344172086,"not promoted"
"1073",26.3,-3.01650825412706,"not promoted"
"1074",36.47,-2.55627813906954,"not promoted"
"1075",34.01,-5.67783891945973,"not promoted"
"1076",23.42,9.19959979989995,"not promoted"
"1077",30.38,-6.63831915957979,"not promoted"
"1078",38.38,-7.73886943471736,"not promoted"
"1079",48.97,-6.048024012006,"not promoted"
"1080",55.9,3.85692846423212,"promoted"
"1081",49.41,-6.76838419209605,"not promoted"
"1082",54.73,-1.9559779889945,"not promoted"
"1083",24.53,3.32666333166583,"not promoted"
"1084",27.14,4.75737868934467,"not promoted"
"1085",54.1,-7.83891945972987,"not promoted"
"1086",29.18,-7.01850925462731,"not promoted"
"1087",53.11,-5.90795397698849,"not promoted"
"1088",22.98,-9.30965482741371,"not promoted"
"1089",24.89,-1.07553776888444,"not promoted"
"1090",27.45,8.27913956978489,"not promoted"
"1091",44.12,7.46873436718359,"not promoted"
"1092",44.26,4.86743371685843,"not promoted"
"1093",45.71,-8.99949974987494,"not promoted"
"1094",47.14,-1.75587793896949,"not promoted"
"1095",45.42,3.39669834917459,"promoted"
"1096",49.96,3.83691845922962,"promoted"
"1097",58.53,8.05902951475738,"promoted"
"1098",43.93,-4.87743871935968,"not promoted"
"1099",30.96,-4.80740370185093,"not promoted"
"1100",23.86,-3.76688344172086,"not promoted"
"1101",45.69,-4.45722861430715,"not promoted"
"1102",45.75,3.94697348674337,"promoted"
"1103",30.8,9.02951475737869,"not promoted"
"1104",53.4,-4.57728864432216,"not promoted"
"1105",52.52,4.03701850925463,"promoted"
"1106",40.73,4.3271635817909,"promoted"
"1107",32.58,1.43571785892946,"promoted"
"1108",21.78,1.38569284642321,"not promoted"
"1109",21.55,-9.41970985492746,"not promoted"
"1110",25.9,8.21910955477739,"not promoted"
"1111",19.68,7.50875437718859,"not promoted"
"1112",36.93,-1.62581290645323,"not promoted"
"1113",50.38,-0.945472736368185,"not promoted"
"1114",33.55,6.89844922461231,"not promoted"
"1115",33.8,8.71935967983992,"not promoted"
"1116",47.65,2.36618309154577,"promoted"
"1117",32.92,-1.01550775387694,"not promoted"
"1118",50.48,-7.71885942971486,"not promoted"
"1119",22.56,-3.6368184092046,"not promoted"
"1120",26.59,9.47973986993497,"not promoted"
"1121",37.75,2.18609304652326,"promoted"
"1122",20.77,1.70585292646323,"not promoted"
"1123",23.23,-6.0280140070035,"not promoted"
"1124",30.25,-7.6288144072036,"not promoted"
"1125",24.91,3.38669334667334,"not promoted"
"1126",31.66,8.94947473736868,"not promoted"
"1127",31.59,-0.705352676338169,"not promoted"
"1128",44.52,5.66783391695848,"not promoted"
"1129",24.47,3.17658829414707,"not promoted"
"1130",26.28,6.03801900950475,"not promoted"
"1131",27.03,1.935967983992,"promoted"
"1132",52.02,8.63931965982992,"promoted"
"1133",28.36,4.4672336168084,"not promoted"
"1134",33.53,-0.805402701350676,"not promoted"
"1135",36.62,-6.34817408704352,"not promoted"
"1136",35.94,2.47623811905953,"promoted"
"1137",22.9,2.92646323161581,"not promoted"
"1138",44.68,-6.7183591795898,"not promoted"
"1139",54.22,-3.07653826913457,"not promoted"
"1140",33,9.32966483241621,"not promoted"
"1141",26.89,6.36818409204602,"not promoted"
"1142",37.29,2.98649324662331,"not promoted"
"1143",24.09,-9.81990995497749,"not promoted"
"1144",42.83,0.885442721360681,"promoted"
"1145",41.41,9.75987993996998,"not promoted"
"1146",40.48,-4.82741370685343,"not promoted"
"1147",49.39,-4.03701850925463,"not promoted"
"1148",31.53,3.91695847923962,"not promoted"
"1149",57.46,2.69634817408704,"promoted"
"1150",42.29,9.07953976988494,"not promoted"
"1151",52.84,-1.63581790895448,"not promoted"
"1152",46.13,-4.67733866933467,"not promoted"
"1153",35.98,-2.46623311655828,"not promoted"
"1154",24.14,-9.39969984992496,"not promoted"
"1155",31.03,-2.38619309654827,"not promoted"
"1156",28.15,-6.70835417708854,"not promoted"
"1157",44.43,2.87643821910955,"promoted"
"1158",32.31,-9.78989494747374,"not promoted"
"1159",47.71,-3.97698849424712,"not promoted"
"1160",37.71,7.84892446223111,"not promoted"
"1161",41.26,0.645322661330665,"promoted"
"1162",49.54,1.9559779889945,"promoted"
"1163",28.21,-6.65832916458229,"not promoted"
"1164",40.96,1.94597298649325,"promoted"
"1165",38.53,-7.23861930965483,"not promoted"
"1166",43.55,-5.24762381190595,"not promoted"
"1167",39.91,6.99849924962481,"not promoted"
"1168",31.4,4.90745372686343,"not promoted"
"1169",50.84,-9.03951975987994,"not promoted"
"1170",32.16,-8.21910955477739,"not promoted"
"1171",59.71,-3.12656328164082,"not promoted"
"1172",47.67,-3.64682341170585,"not promoted"
"1173",21.13,-7.32866433216608,"not promoted"
"1174",33.78,-8.01900950475238,"not promoted"
"1175",59.45,-6.23811905952977,"not promoted"
"1176",43.82,-4.33716858429215,"not promoted"
"1177",21.95,9.70985492746373,"not promoted"
"1178",36.59,-2.58629314657329,"not promoted"
"1179",36.66,9.96998499249625,"not promoted"
"1180",52.25,-6.92846423211606,"not promoted"
"1181",56.62,-7.84892446223112,"not promoted"
"1182",53.99,-1.53576788394197,"not promoted"
"1183",40.75,3.5367683841921,"not promoted"
"1184",59.68,-9.02951475737869,"not promoted"
"1185",55.19,1.07553776888444,"promoted"
"1186",52.67,2.79639819909955,"promoted"
"1187",43.15,-1.86593296648324,"not promoted"
"1188",58.47,2.22611305652826,"promoted"
"1189",37.6,0.875437718859429,"promoted"
"1190",46.11,-5.58779389694847,"not promoted"
"1191",32.41,9.08954477238619,"not promoted"
"1192",52.04,0.785392696348174,"promoted"
"1193",42.39,-1.90595297648824,"not promoted"
"1194",56.89,4.09704852426213,"promoted"
"1195",38.19,9.36968484242121,"not promoted"
"1196",49.28,4.3671835917959,"promoted"
"1197",31.97,3.84692346173087,"not promoted"
"1198",28.38,5.50775387693847,"not promoted"
"1199",53.55,-5.35767883941971,"not promoted"
"1200",53.97,-7.36868434217109,"not promoted"
"1201",37.12,4.26713356678339,"not promoted"
"1202",57.54,-7.51875937968985,"not promoted"
"1203",42.12,9.73986993496748,"not promoted"
"1204",37.5,-4.60730365182591,"not promoted"
"1205",49.68,9.62981490745373,"not promoted"
"1206",43.63,1.2056028014007,"promoted"
"1207",35.88,3.37668834417209,"promoted"
"1208",35.69,-8.3591795897949,"not promoted"
"1209",42.6,9.77988994497248,"not promoted"
"1210",42.16,1.66583291645823,"promoted"
"1211",40.88,-1.66583291645823,"not promoted"
"1212",31.26,-2.52626313156578,"not promoted"
"1213",22.85,-9.65982991495748,"not promoted"
"1214",42.02,-0.55527763881941,"not promoted"
"1215",59.08,-9.2496248124062,"not promoted"
"1216",50.78,3.62681340670335,"promoted"
"1217",48.02,-0.335167583791897,"not promoted"
"1218",29.3,-9.2096048024012,"not promoted"
"1219",29.6,-8.63931965982992,"not promoted"
"1220",32.81,2.33616808404202,"promoted"
"1221",28.46,6.32816408204102,"not promoted"
"1222",50.19,4.63731865932967,"promoted"
"1223",18.11,9.45972986493247,"not promoted"
"1224",32.25,-9.89994997498749,"not promoted"
"1225",55.73,-3.48674337168584,"not promoted"
"1226",49.16,2.51625812906453,"promoted"
"1227",32.9,-0.295147573786894,"not promoted"
"1228",26.38,5.01750875437719,"not promoted"
"1229",58.87,-5.2576288144072,"not promoted"
"1230",57.27,2.27613806903452,"promoted"
"1231",20.56,-5.06753376688344,"not promoted"
"1232",47.33,-1.21560780390195,"not promoted"
"1233",19.74,9.54977488744372,"not promoted"
"1234",33.82,-6.33816908454227,"not promoted"
"1235",37.08,-9.71985992996498,"not promoted"
"1236",52.29,5.14757378689345,"promoted"
"1237",53.72,-4.97748874437219,"not promoted"
"1238",47.2,6.34817408704352,"not promoted"
"1239",18.97,1.19559779889945,"not promoted"
"1240",41.01,-7.21860930465233,"not promoted"
"1241",35.86,-0.305152576288144,"not promoted"
"1242",46.83,5.08754377188594,"promoted"
"1243",34.56,-7.99899949974987,"not promoted"
"1244",25.04,2.02601300650325,"not promoted"
"1245",35.23,-2.8064032016008,"not promoted"
"1246",51.74,-1.38569284642321,"not promoted"
"1247",37.73,-2.66633316658329,"not promoted"
"1248",33.63,-8.53926963481741,"not promoted"
"1249",27.37,-5.73786893446723,"not promoted"
"1250",55.59,-7.06853426713357,"not promoted"
"1251",23.71,0.115057528764382,"promoted"
"1252",28.02,-7.48874437218609,"not promoted"
"1253",46.32,4.11705852926463,"promoted"
"1254",19.81,7.59879939969985,"not promoted"
"1255",23.25,8.29914957478739,"not promoted"
"1256",29.22,8.28914457228614,"not promoted"
"1257",36.09,9.31965982991496,"not promoted"
"1258",37.18,-5.77788894447224,"not promoted"
"1259",34.58,-0.935467733866934,"not promoted"
"1260",35.42,7.72886443221611,"not promoted"
"1261",39.14,10,"not promoted"
"1262",44.05,-7.12856428214107,"not promoted"
"1263",54.71,2.44622311155578,"promoted"
"1264",42.2,-6.16808404202101,"not promoted"
"1265",28.06,3.5967983991996,"not promoted"
"1266",56.28,4.71735867933967,"promoted"
"1267",22.96,5.53776888444222,"not promoted"
"1268",26.82,1.37568784392196,"promoted"
"1269",49.47,-6.67833916958479,"not promoted"
"1270",53.51,6.17808904452226,"promoted"
"1271",32.54,-3.25662831415708,"not promoted"
"1272",25.54,-8.05902951475738,"not promoted"
"1273",54.54,-8.51925962981491,"not promoted"
"1274",54.26,-9.88994497248624,"not promoted"
"1275",40.12,-7.09854927463732,"not promoted"
"1276",49.18,2.37618809404702,"promoted"
"1277",49.01,6.66833416708354,"not promoted"
"1278",23.15,4.13706853426713,"not promoted"
"1279",34.89,7.41870935467734,"not promoted"
"1280",53.63,-9.07953976988494,"not promoted"
"1281",49.6,-2.00600300150075,"not promoted"
"1282",43.46,3.30665332666333,"promoted"
"1283",50.97,-5.75787893946973,"not promoted"
"1284",54.45,-3.52676338169085,"not promoted"
"1285",30.42,1.04552276138069,"promoted"
"1286",45.88,7.5487743871936,"not promoted"
"1287",28.63,0.225112556278139,"promoted"
"1288",47.08,0.145072536268135,"promoted"
"1289",28.04,-1.2256128064032,"not promoted"
"1290",55.57,6.48824412206103,"promoted"
"1291",42.65,2.19609804902451,"promoted"
"1292",36.17,-3.26663331665833,"not promoted"
"1293",27.22,-6.8184092046023,"not promoted"
"1294",57.73,1.1455727863932,"promoted"
"1295",19.97,-5.72786393196598,"not promoted"
"1296",30.67,4.49724862431216,"not promoted"
"1297",41.22,5.99799899949975,"not promoted"
"1298",42.69,-1.84592296148074,"not promoted"
"1299",51.91,-5.9479739869935,"not promoted"
"1300",19.53,-0.595297648824413,"not promoted"
"1301",23.69,-5.53776888444222,"not promoted"
"1302",51.45,-5.04752376188094,"not promoted"
"1303",46.78,-3.39669834917459,"not promoted"
"1304",53.8,-7.15857928964482,"not promoted"
"1305",42.56,-5.74787393696848,"not promoted"
"1306",56.64,2.95647823911956,"promoted"
"1307",33.86,1.42571285642821,"promoted"
"1308",53.02,2.016008004002,"promoted"
"1309",43,-3.95697848924462,"not promoted"
"1310",43.88,2.8664332166083,"promoted"
"1311",40.44,7.03851925962982,"not promoted"
"1312",28.86,9.03951975987994,"not promoted"
"1313",43.95,2.90645322661331,"promoted"
"1314",59.03,-5.55777888944472,"not promoted"
"1315",24.05,-4.76738369184592,"not promoted"
"1316",43.97,4.72736368184092,"not promoted"
"1317",53.23,-8.94947473736868,"not promoted"
"1318",50.63,4.98749374687344,"promoted"
"1319",43.17,-0.54527263631816,"not promoted"
"1320",27.35,-6.87843921960981,"not promoted"
"1321",35.4,-8.16908454227114,"not promoted"
"1322",34.72,2.16608304152076,"promoted"
"1323",29.16,-2.33616808404202,"not promoted"
"1324",51.24,-8.59929964982491,"not promoted"
"1325",34.75,-4.30715357678839,"not promoted"
"1326",59.83,-5.05752876438219,"not promoted"
"1327",59.6,-8.11905952976488,"not promoted"
"1328",26.87,-4.79739869934968,"not promoted"
"1329",57.65,1.68584292146073,"promoted"
"1330",39.96,-5.09754877438719,"not promoted"
"1331",49.79,-2.67633816908454,"not promoted"
"1332",28,-2.97648824412206,"not promoted"
"1333",31.89,7.96898449224612,"not promoted"
"1334",55.06,-4.26713356678339,"not promoted"
"1335",26.34,-8.69934967483742,"not promoted"
"1336",36.26,1.53576788394197,"promoted"
"1337",30.12,-1.08554277138569,"not promoted"
"1338",33.65,5.75787893946973,"not promoted"
"1339",50.55,-3.44672336168084,"not promoted"
"1340",42.44,4.62731365682841,"promoted"
"1341",52.12,5.85792896448224,"promoted"
"1342",39.93,3.88694347173587,"not promoted"
"1343",33.46,5.74787393696848,"not promoted"
"1344",39.37,1.52576288144072,"promoted"
"1345",55.34,6.048024012006,"promoted"
"1346",38.76,9.66983491745873,"not promoted"
"1347",33.32,5.45772886443222,"not promoted"
"1348",55.36,-2.94647323661831,"not promoted"
"1349",33.57,0.855427713856928,"promoted"
"1350",32.35,-3.33666833416708,"not promoted"
"1351",46.87,-9.70985492746373,"not promoted"
"1352",39.89,-1.35567783891946,"not promoted"
"1353",51.22,-5.61780890445223,"not promoted"
"1354",41.85,6.37818909454727,"not promoted"
"1355",26.78,-9.91995997999,"not promoted"
"1356",25.12,-7.22861430715358,"not promoted"
"1357",38.95,6.01800900450225,"not promoted"
"1358",26.76,7.23861930965483,"not promoted"
"1359",38.51,9.87993996998499,"not promoted"
"1360",53.57,9.43971985992997,"promoted"
"1361",19.22,-4.84742371185593,"not promoted"
"1362",47.62,-3.30665332666333,"not promoted"
"1363",42.75,-0.585292646323161,"not promoted"
"1364",48,-2.25612806403202,"not promoted"
"1365",22.31,-0.225112556278139,"not promoted"
"1366",42.94,0.695347673836919,"promoted"
"1367",50.42,4.84742371185593,"promoted"
"1368",45.63,8.4592296148074,"not promoted"
"1369",26.51,-2.44622311155578,"not promoted"
"1370",23.67,-8.19909954977489,"not promoted"
"1371",30.73,-6.38819409704852,"not promoted"
"1372",19.26,-9.1495747873937,"not promoted"
"1373",45.1,-8.10905452726363,"not promoted"
"1374",47.04,4.94747373686843,"promoted"
"1375",23.34,-0.435217608804402,"not promoted"
"1376",51.64,-0.0350175087543771,"not promoted"
"1377",31.17,-6.86843421710855,"not promoted"
"1378",57.33,-9.60980490245123,"not promoted"
"1379",47.29,2.46623311655828,"promoted"
"1380",20.79,-5.69784892446223,"not promoted"
"1381",18.86,5.63781890945473,"not promoted"
"1382",51.2,-5.29764882441221,"not promoted"
"1383",50.67,-9.47973986993497,"not promoted"
"1384",44.58,5.95797898949475,"not promoted"
"1385",59.24,-4.29714857428714,"not promoted"
"1386",40.21,8.56928464232116,"not promoted"
"1387",49.64,-1.37568784392196,"not promoted"
"1388",59.33,-2.12606303151576,"not promoted"
"1389",42.06,-0.885442721360681,"not promoted"
"1390",34.49,3.24662331165583,"not promoted"
"1391",44.18,4.4472236118059,"promoted"
"1392",43.65,-9.61980990495248,"not promoted"
"1393",56.68,-3.23661830915458,"not promoted"
"1394",19.07,6.58829414707354,"not promoted"
"1395",50.23,5.02751375687844,"promoted"
"1396",41.28,2.93646823411706,"promoted"
"1397",47.75,-8.34917458729365,"not promoted"
"1398",37.04,4.35717858929465,"not promoted"
"1399",37.64,4.27713856928464,"not promoted"
"1400",39.56,-9.82991495747874,"not promoted"
"1401",28.19,2.71635817908954,"not promoted"
"1402",42.37,2.73636818409205,"promoted"
"1403",45.9,-3.16658329164582,"not promoted"
"1404",38.97,5.61780890445223,"not promoted"
"1405",54.87,-5.97798899449725,"not promoted"
"1406",42.98,5.90795397698849,"not promoted"
"1407",34.77,3.13656828414207,"not promoted"
"1408",58.61,8.86943471735868,"promoted"
"1409",21.09,-7.6088044022011,"not promoted"
"1410",25.33,-3.62681340670335,"not promoted"
"1411",57.18,-5.47773886943472,"not promoted"
"1412",31.64,-7.14857428714357,"not promoted"
"1413",54.58,-2.24612306153077,"not promoted"
"1414",54.39,2.8264132066033,"promoted"
"1415",33.17,-7.25862931465733,"not promoted"
"1416",27.16,-4.73736868434217,"not promoted"
"1417",47.81,-1.19559779889945,"not promoted"
"1418",34.24,-3.86693346673337,"not promoted"
"1419",54.31,7.6088044022011,"promoted"
"1420",32.12,9.2496248124062,"not promoted"
"1421",45.17,5.46773386693347,"not promoted"
"1422",34.16,-3.5967983991996,"not promoted"
"1423",56.18,8.09904952476238,"promoted"
"1424",53.28,3.40670335167584,"promoted"
"1425",48.76,-9.49974987493747,"not promoted"
"1426",51.95,-8.50925462731366,"not promoted"
"1427",38,1.98599299649825,"promoted"
"1428",42.81,-5.86793396698349,"not promoted"
"1429",55.97,-4.74737368684342,"not promoted"
"1430",24.49,-4.58729364682341,"not promoted"
"1431",37.25,-4.70735367683842,"not promoted"
"1432",30.71,0.335167583791895,"promoted"
"1433",21.11,-6.13806903451726,"not promoted"
"1434",39.72,1.55577788894447,"promoted"
"1435",48.68,9.38969484742371,"not promoted"
"1436",50.76,6.57828914457228,"promoted"
"1437",53.59,-6.17808904452226,"not promoted"
"1438",49.24,-9.11955977988995,"not promoted"
"1439",31.13,3.80690345172586,"not promoted"
"1440",20.84,2.55627813906954,"not promoted"
"1441",19.83,0.175087543771886,"promoted"
"1442",46.74,9.81990995497749,"not promoted"
"1443",31.15,2.64632316158079,"not promoted"
"1444",31.72,-5.31765882941471,"not promoted"
"1445",23.97,-4.18709354677339,"not promoted"
"1446",31.24,5.1375687843922,"not promoted"
"1447",43.44,6.38819409704852,"not promoted"
"1448",40.78,-3.34667333666833,"not promoted"
"1449",40.86,-6.88844422211106,"not promoted"
"1450",21.45,-8.58929464732366,"not promoted"
"1451",20.04,9.80990495247624,"not promoted"
"1452",35.59,-3.5367683841921,"not promoted"
"1453",54.79,1.67583791895948,"promoted"
"1454",51.51,-1.96598299149575,"not promoted"
"1455",38.3,-5.91795897948974,"not promoted"
"1456",19.45,7.74887443721861,"not promoted"
"1457",36.89,2.08604302151075,"promoted"
"1458",58.13,-1.73586793396698,"not promoted"
"1459",31.7,2.21610805402701,"promoted"
"1460",48.07,-4.95747873936968,"not promoted"
"1461",35.31,1.88594297148574,"promoted"
"1462",36.36,-9.85992996498249,"not promoted"
"1463",40.33,5.51775887943972,"not promoted"
"1464",55.08,-5.1975987993997,"not promoted"
"1465",27.56,-0.485242621310656,"not promoted"
"1466",53.32,-2.0360180090045,"not promoted"
"1467",39.47,-7.5487743871936,"not promoted"
"1468",59.31,6.78839419709855,"promoted"
"1469",57.04,-1.67583791895948,"not promoted"
"1470",36.55,2.35617808904452,"promoted"
"1471",43.99,-4.62731365682841,"not promoted"
"1472",30.02,1.47573786893447,"promoted"
"1473",20.12,3.29664832416208,"not promoted"
"1474",49.89,2.59629814907454,"promoted"
"1475",41.05,6.21810905452726,"not promoted"
"1476",59.47,6.05802901450725,"promoted"
"1477",52.73,-8.36918459229615,"not promoted"
"1478",31.55,-4.16708354177089,"not promoted"
"1479",59.5,6.43821910955478,"promoted"
"1480",20.54,4.43721860930465,"not promoted"
"1481",58.28,1.45572786393197,"promoted"
"1482",24.37,8.67933966983492,"not promoted"
"1483",22.94,1.83591795897949,"not promoted"
"1484",42.9,1.63581790895448,"promoted"
"1485",39.09,9.65982991495748,"not promoted"
"1486",40.08,-9.62981490745373,"not promoted"
"1487",25.82,2.23611805902951,"not promoted"
"1488",53.17,5.71785892946473,"promoted"
"1489",57.35,6.73836918459229,"promoted"
"1490",52.58,3.18659329664832,"promoted"
"1491",22.83,-3.77688844422211,"not promoted"
"1492",39.64,6.13806903451726,"not promoted"
"1493",38.67,-0.825412706353177,"not promoted"
"1494",35.71,-8.52926463231616,"not promoted"
"1495",31.32,7.73886943471736,"not promoted"
"1496",42.71,-9.96998499249625,"not promoted"
"1497",39.24,8.84942471235618,"not promoted"
"1498",26.17,-1.47573786893447,"not promoted"
"1499",41.97,-2.7863931965983,"not promoted"
"1500",28.84,-3.32666333166583,"not promoted"
"1501",32.75,5.34767383691846,"not promoted"
"1502",56.72,-1.975987993997,"not promoted"
"1503",44.91,-6.15807903951976,"not promoted"
"1504",52.31,0.215107553776889,"promoted"
"1505",34.45,-4.68734367183592,"not promoted"
"1506",27.98,-7.00850425212606,"not promoted"
"1507",56.05,2.56628314157079,"promoted"
"1508",33.9,3.58679339669835,"not promoted"
"1509",57.86,-1.04552276138069,"not promoted"
"1510",41.78,0.285142571285643,"promoted"
"1511",48.05,0.705352676338169,"promoted"
"1512",46.93,-5.22761380690345,"not promoted"
"1513",44.54,-8.88944472236118,"not promoted"
"1514",23.27,-1.9959979989995,"not promoted"
"1515",32.22,-3.21660830415208,"not promoted"
"1516",45.02,-7.03851925962982,"not promoted"
"1517",48.93,-4.47723861930965,"not promoted"
"1518",22.58,-7.29864932466233,"not promoted"
"1519",23.5,-4.86743371685843,"not promoted"
"1520",29.49,-0.0950475237618811,"not promoted"
"1521",29.43,9.15957978989495,"not promoted"
"1522",21.17,6.69834917458729,"not promoted"
"1523",26.74,-6.60830415207604,"not promoted"
"1524",57.69,-5.18759379689845,"not promoted"
"1525",18.25,9.92996498249125,"not promoted"
"1526",36.3,-5.00750375187594,"not promoted"
"1527",27.92,-2.16608304152076,"not promoted"
"1528",56.22,7.5687843921961,"promoted"
"1529",30.69,7.30865432716358,"not promoted"
"1530",48.51,3.90695347673837,"promoted"
"1531",44.96,-2.13606803401701,"not promoted"
"1532",26.4,-6.8384192096048,"not promoted"
"1533",33.67,6.61830915457729,"not promoted"
"1534",26.97,8.91945972986493,"not promoted"
"1535",24.64,0.365182591295648,"promoted"
"1536",31.99,6.64832416208104,"not promoted"
"1537",32.94,-2.53626813406703,"not promoted"
"1538",28.17,-5.03751875937969,"not promoted"
"1539",42.35,3.22661330665333,"promoted"
"1540",20.58,0.945472736368183,"promoted"
"1541",32.56,-4.83741870935468,"not promoted"
"1542",23.06,0.835417708854427,"promoted"
"1543",36.7,-7.53876938469235,"not promoted"
"1544",25.88,2.53626813406703,"not promoted"
"1545",59.56,-3.08654327163582,"not promoted"
"1546",30.06,9.67983991995998,"not promoted"
"1547",19.76,0.675337668834416,"promoted"
"1548",18.78,6.98849424712356,"not promoted"
"1549",21.19,1.21560780390195,"promoted"
"1550",51.03,-5.16758379189595,"not promoted"
"1551",18.59,-1.68584292146073,"not promoted"
"1552",57.12,-0.275137568784393,"not promoted"
"1553",44.89,-1.56578289144572,"not promoted"
"1554",30.9,0.425212606303152,"promoted"
"1555",18.34,-5.20760380190095,"not promoted"
"1556",28.8,-2.19609804902451,"not promoted"
"1557",42.33,-6.68834417208604,"not promoted"
"1558",30.33,7.04852426213106,"not promoted"
"1559",48.55,-0.195097548774388,"not promoted"
"1560",26.13,-8.90945472736368,"not promoted"
"1561",29.41,2.70635317658829,"not promoted"
"1562",47.35,-1.46573286643322,"not promoted"
"1563",34.98,7.18859429714857,"not promoted"
"1564",24.41,9.57978989494747,"not promoted"
"1565",23.82,0.73536768384192,"promoted"
"1566",44.77,-5.99799899949975,"not promoted"
"1567",44.39,3.78689344672336,"promoted"
"1568",48.19,-5.48774387193597,"not promoted"
"1569",48.09,2.57628814407204,"promoted"
"1570",40.92,9.00950475237619,"not promoted"
"1571",58.03,-1.48574287143572,"not promoted"
"1572",45.33,6.88844422211105,"not promoted"
"1573",27.01,8.31915957978989,"not promoted"
"1574",20.23,-8.23911955977989,"not promoted"
"1575",25.31,5.9879939969985,"not promoted"
"1576",23.11,-0.345172586293147,"not promoted"
"1577",31.51,6.52826413206603,"not promoted"
"1578",58.82,-0.165082541270635,"not promoted"
"1579",23.32,-8.38919459729865,"not promoted"
"1580",18.19,8.03901950975488,"not promoted"
"1581",36.53,-3.83691845922962,"not promoted"
"1582",23.08,1.65582791395698,"not promoted"
"1583",26.15,8.34917458729365,"not promoted"
"1584",24.16,0.0850425212606307,"promoted"
"1585",57.48,-1.02551275637819,"not promoted"
"1586",49.81,-9.44972486243122,"not promoted"
"1587",43.42,7.83891945972987,"not promoted"
"1588",58.49,6.088044022011,"promoted"
"1589",50.27,2.58629314657329,"promoted"
"1590",38.49,-7.75887943971986,"not promoted"
"1591",52.63,-7.35867933966983,"not promoted"
"1592",28.88,7.81890945472736,"not promoted"
"1593",20.86,7.61880940470235,"not promoted"
"1594",53.74,5.58779389694847,"promoted"
"1595",21.15,-7.18859429714857,"not promoted"
"1596",41.47,7.39869934967484,"not promoted"
"1597",42.46,-1.45572786393197,"not promoted"
"1598",24.85,-7.93896948474237,"not promoted"
"1599",18.71,6.86843421710855,"not promoted"
"1600",49.56,7.27863931965983,"not promoted"
"1601",34.85,-3.40670335167584,"not promoted"
"1602",55.69,1.59579789894947,"promoted"
"1603",46.6,2.25612806403202,"promoted"
"1604",51.32,-3.06653326663332,"not promoted"
"1605",39.79,-6.32816408204102,"not promoted"
"1606",55,9.42971485742871,"not promoted"
"1607",38.09,-6.56828414207104,"not promoted"
"1608",20,-2.87643821910955,"not promoted"
"1609",59.2,4.41720860430215,"promoted"
"1610",44.1,9.68984492246123,"not promoted"
"1611",21.4,5.52776388194097,"not promoted"
"1612",41.87,4.73736868434217,"not promoted"
"1613",22.33,0.845422711355678,"promoted"
"1614",44.81,2.89644822411206,"promoted"
"1615",38.59,-7.05852926463232,"not promoted"
"1616",29.07,-0.515257628814407,"not promoted"
"1617",51.07,-2.31615807903952,"not promoted"
"1618",22.18,-0.315157578789394,"not promoted"
"1619",24.68,-4.00700350175088,"not promoted"
"1620",23.38,-2.04602301150575,"not promoted"
"1621",18.36,-2.39619809904953,"not promoted"
"1622",34.68,5.2176088044022,"not promoted"
"1623",24.87,9.78989494747374,"not promoted"
"1624",41.57,-1.50575287643822,"not promoted"
"1625",40.65,6.50825412706353,"not promoted"
"1626",57.25,-7.42871435717859,"not promoted"
"1627",56.39,3.34667333666833,"promoted"
"1628",40.61,8.15907953976988,"not promoted"
"1629",25.25,0.74537268634317,"promoted"
"1630",35.75,-4.41720860430215,"not promoted"
"1631",57.52,6.30815407703852,"promoted"
"1632",46.3,-1.44572286143072,"not promoted"
"1633",44.56,3.71685842921461,"promoted"
"1634",38.28,-7.39869934967484,"not promoted"
"1635",57.5,1.02551275637819,"promoted"
"1636",25.79,8.78939469734867,"not promoted"
"1637",24.98,-0.185092546273136,"not promoted"
"1638",52.92,3.21660830415207,"promoted"
"1639",22.92,0.325162581290645,"promoted"
"1640",55.44,0.165082541270635,"promoted"
"1641",46.36,3.23661830915458,"promoted"
"1642",21.76,2.09604802401201,"not promoted"
"1643",34.41,-9.79989994997499,"not promoted"
"1644",19.01,-9.27963981990995,"not promoted"
"1645",25.84,7.24862431215608,"not promoted"
"1646",27.43,-2.7263631815908,"not promoted"
"1647",19.64,-5.59779889944973,"not promoted"
"1648",48.26,-0.86543271635818,"not promoted"
"1649",53.13,-6.51825912956478,"not promoted"
"1650",23,1.35567783891946,"promoted"
"1651",48.78,-7.43871935967984,"not promoted"
"1652",24.24,-1.36568284142071,"not promoted"
"1653",24.07,4.55727863931966,"not promoted"
"1654",52.77,-4.61730865432716,"not promoted"
"1655",19.62,-4.66733366683342,"not promoted"
"1656",54.96,-0.87543771885943,"not promoted"
"1657",25.71,7.13856928464232,"not promoted"
"1658",21.93,-3.56678339169585,"not promoted"
"1659",47.58,-9.29964982491246,"not promoted"
"1660",37.01,6.31815907953977,"not promoted"
"1661",20.82,-8.28914457228614,"not promoted"
"1662",33.74,-6.26813406703352,"not promoted"
"1663",35.92,-8.64932466233117,"not promoted"
"1664",55.55,-3.94697348674337,"not promoted"
"1665",44.22,6.12806403201601,"not promoted"
"1666",50.17,-9.73986993496748,"not promoted"
"1667",52.48,8.32916458229115,"promoted"
"1668",38.8,2.24612306153077,"promoted"
"1669",33.15,4.92746373186593,"not promoted"
"1670",28.51,-1.1455727863932,"not promoted"
"1671",19.37,1.89594797398699,"not promoted"
"1672",28.34,-2.17608804402201,"not promoted"
"1673",48.89,-8.87943971985993,"not promoted"
"1674",38.82,-1.27563781890946,"not promoted"
"1675",45.48,-4.77738869434717,"not promoted"
"1676",58.36,-8.77938969484742,"not promoted"
"1677",59.1,2.12606303151576,"promoted"
"1678",55.67,8.98949474737369,"promoted"
"1679",41.13,6.90845422711356,"not promoted"
"1680",48.17,-9.43971985992997,"not promoted"
"1681",39.3,5.1775887943972,"not promoted"
"1682",58.09,-3.96698349174587,"not promoted"
"1683",57.77,-2.90645322661331,"not promoted"
"1684",51.18,2.31615807903952,"promoted"
"1685",46.85,-4.13706853426713,"not promoted"
"1686",35.35,6.26813406703351,"not promoted"
"1687",38.21,7.5287643821911,"not promoted"
"1688",22.01,1.30565282641321,"promoted"
"1689",42.62,2.28614307153577,"promoted"
"1690",36.85,-3.49674837418709,"not promoted"
"1691",19.05,-4.59729864932466,"not promoted"
"1692",54.03,4.15707853926963,"promoted"
"1693",44.37,9.2096048024012,"not promoted"
"1694",34.14,8.95947973986993,"not promoted"
"1695",58.95,-8.82941470735368,"not promoted"
"1696",22.62,-3.89694847423712,"not promoted"
"1697",29.98,1.03551775887944,"promoted"
"1698",58.55,1.36568284142071,"promoted"
"1699",46.39,8.72936468234117,"not promoted"
"1700",51.41,-2.48624312156078,"not promoted"
"1701",25.4,-7.77888944472236,"not promoted"
"1702",28.57,0.955477738869435,"promoted"
"1703",21.42,9.13956978489244,"not promoted"
"1704",24.95,0.0450225112556275,"promoted"
"1705",51.85,-6.24812406203102,"not promoted"
"1706",47.83,-9.64982491245623,"not promoted"
"1707",43.11,6.7583791895948,"not promoted"
"1708",36.38,6.24812406203101,"not promoted"
"1709",31.74,3.42671335667834,"not promoted"
"1710",40.1,8.22911455727864,"not promoted"
"1711",21.61,2.42621310655328,"not promoted"
"1712",24.58,7.20860430215107,"not promoted"
"1713",56.66,2.96648324162081,"promoted"
"1714",55.71,-9.2296148074037,"not promoted"
"1715",57.6,4.16708354177089,"promoted"
"1716",49.52,8.16908454227114,"not promoted"
"1717",32.43,-8.42921460730365,"not promoted"
"1718",47.18,3.64682341170585,"promoted"
"1719",50.9,7.40870435217609,"not promoted"
"1720",33.72,-1.52576288144072,"not promoted"
"1721",37.14,-6.20810405202601,"not promoted"
"1722",51.93,8.07903951975988,"promoted"
"1723",30.14,2.41620810405202,"not promoted"
"1724",41.17,-1.34567283641821,"not promoted"
"1725",35.54,-5.50775387693847,"not promoted"
"1726",37.96,0.305152576288144,"promoted"
"1727",40.02,1.1855927963982,"promoted"
"1728",47.6,-2.91645822911456,"not promoted"
"1729",28.32,-4.3871935967984,"not promoted"
"1730",58.45,3.00650325162581,"promoted"
"1731",56.41,-6.18809404702351,"not promoted"
"1732",23.84,3.19659829914957,"not promoted"
"1733",23.9,5.03751875937969,"not promoted"
"1734",21.7,0.605302651325662,"promoted"
"1735",19.89,2.54627313656828,"not promoted"
"1736",18.92,-2.85642821410705,"not promoted"
"1737",40.9,-5.83791895947974,"not promoted"
"1738",50.04,-8.84942471235618,"not promoted"
"1739",48.91,5.55777888944472,"promoted"
"1740",22.22,-6.01800900450225,"not promoted"
"1741",31.45,-5.95797898949475,"not promoted"
"1742",26.11,7.76888444222111,"not promoted"
"1743",32.6,-8.17908954477239,"not promoted"
"1744",48.74,0.795397698849424,"promoted"
"1745",22.14,-4.08704352176088,"not promoted"
"1746",55.13,-9.57978989494747,"not promoted"
"1747",54.24,-6.58829414707354,"not promoted"
"1748",47.69,-8.54927463731866,"not promoted"
"1749",40.38,-5.08754377188594,"not promoted"
"1750",54.85,-0.475237618809405,"not promoted"
"1751",27.12,0.195097548774386,"promoted"
"1752",22.48,-1.31565782891446,"not promoted"
"1753",18.04,5.81790895447724,"not promoted"
"1754",25.48,-8.00900450225113,"not promoted"
"1755",18.95,2.97648824412206,"not promoted"
"1756",30.35,-0.115057528764382,"not promoted"
"1757",19.58,1.77588794397199,"not promoted"
"1758",25.65,-9.77988994497249,"not promoted"
"1759",55.84,-2.47623811905953,"not promoted"
"1760",49.75,-4.48724362181091,"not promoted"
"1761",42.73,7.5887943971986,"not promoted"
"1762",37.27,-5.11755877938969,"not promoted"
"1763",28.99,6.0280140070035,"not promoted"
"1764",37.22,-2.7463731865933,"not promoted"
"1765",35.04,7.37868934467233,"not promoted"
"1766",52.65,-6.57828914457229,"not promoted"
"1767",31.3,7.98899449724862,"not promoted"
"1768",50.4,4.81740870435218,"promoted"
"1769",41.8,-0.745372686343172,"not promoted"
"1770",51.53,-5.66783391695848,"not promoted"
"1771",41.66,-3.20660330165083,"not promoted"
"1772",44.28,-7.49874937468734,"not promoted"
"1773",33.84,-7.5887943971986,"not promoted"
"1774",22.77,3.5567783891946,"not promoted"
"1775",19.51,7.29864932466233,"not promoted"
"1776",59.96,-1.03551775887944,"not promoted"
"1777",41.89,6.46823411705853,"not promoted"
"1778",32.96,6.7983991995998,"not promoted"
"1779",34.64,-4.54727363681841,"not promoted"
"1780",21.3,-8.71935967983992,"not promoted"
"1781",30.1,-3.28664332166083,"not promoted"
"1782",20.52,-8.22911455727864,"not promoted"
"1783",48.57,6.8184092046023,"promoted"
"1784",29.77,8.13906953476738,"not promoted"
"1785",30.59,-4.11705852926463,"not promoted"
"1786",23.61,1.2656328164082,"promoted"
"1787",53,-1.26563281640821,"not promoted"
"1788",54.2,-6.36818409204602,"not promoted"
"1789",25.29,1.05552776388194,"promoted"
"1790",20.88,-1.92596298149074,"not promoted"
"1791",23.29,5.42771385692846,"not promoted"
"1792",56.81,5.06753376688344,"promoted"
"1793",22.71,0.815407703851927,"promoted"
"1794",30.5,3.6168084042021,"not promoted"
"1795",57.98,7.91895947973987,"promoted"
"1796",22.81,2.48624312156078,"not promoted"
"1797",57.42,0.975487743871936,"promoted"
"1798",21.05,-8.70935467733867,"not promoted"
"1799",33.13,8.60930465232616,"not promoted"
"1800",56.45,-2.35617808904452,"not promoted"
"1801",32.06,7.36868434217109,"not promoted"
"1802",39.16,8.82941470735368,"not promoted"
"1803",30.54,-1.25562781390695,"not promoted"
"1804",32.27,6.45822911455728,"not promoted"
"1805",53.07,-0.535267633816909,"not promoted"
"1806",35.56,6.39819909954977,"not promoted"
"1807",19.47,0.455227613806903,"promoted"
"1808",25.08,5.18759379689845,"not promoted"
"1809",32.48,6.008004002001,"not promoted"
"1810",28.95,8.73936968484242,"not promoted"
"1811",59.16,-1.57578789394697,"not promoted"
"1812",29.24,9.39969984992496,"not promoted"
"1813",27.75,3.45672836418209,"not promoted"
"1814",51.66,9.82991495747874,"not promoted"
"1815",36.8,7.51875937968984,"not promoted"
"1816",48.65,-0.785392696348174,"not promoted"
"1817",39.28,-5.2376188094047,"not promoted"
"1818",29.91,-0.635317658829415,"not promoted"
"1819",52.96,-1.60580290145073,"not promoted"
"1820",20.08,-6.03801900950475,"not promoted"
"1821",33.09,-0.505252626313156,"not promoted"
"1822",51.55,7.69884942471236,"promoted"
"1823",40.99,-7.92896448224112,"not promoted"
"1824",24.2,5.72786393196598,"not promoted"
"1825",55.21,5.48774387193597,"promoted"
"1826",28.23,-1.49574787393697,"not promoted"
"1827",27.29,-6.46823411705853,"not promoted"
"1828",39.26,4.50725362681341,"not promoted"
"1829",25.73,-7.63881940970485,"not promoted"
"1830",24.93,-7.69884942471236,"not promoted"
"1831",21.74,-4.28714357178589,"not promoted"
"1832",46.95,1.79589794897449,"promoted"
"1833",36.01,-2.0760380190095,"not promoted"
"1834",23.65,-8.20910455227614,"not promoted"
"1835",23.99,-6.72836418209105,"not promoted"
"1836",23.46,-5.12756378189095,"not promoted"
"1837",32.67,4.4272136068034,"not promoted"
"1838",35.65,3.20660330165082,"promoted"
"1839",43.8,1.33566783391696,"promoted"
"1840",44.45,-5.02751375687844,"not promoted"
"1841",46.7,-5.1775887943972,"not promoted"
"1842",45,5.10755377688844,"not promoted"
"1843",26.91,-2.30615307653827,"not promoted"
"1844",49.49,5.1575787893947,"promoted"
"1845",48.49,3.41670835417709,"promoted"
"1846",24.7,4.87743871935968,"not promoted"
"1847",50.73,-0.145072536268135,"not promoted"
"1848",44.73,0.275137568784391,"promoted"
"1849",27.54,-4.71735867933967,"not promoted"
"1850",24.28,-2.70635317658829,"not promoted"
"1851",54.75,-1.70585292646323,"not promoted"
"1852",39.75,-9.35967983991996,"not promoted"
"1853",46.43,4.23711855927964,"promoted"
"1854",41.62,-8.93946973486743,"not promoted"
"1855",38.72,-9.46973486743372,"not promoted"
"1856",47.88,1.27563781890945,"promoted"
"1857",29.79,6.91845922961481,"not promoted"
"1858",19.72,7.63881940970485,"not promoted"
"1859",20.69,9.1495747873937,"not promoted"
"1860",18.9,6.09804902451226,"not promoted"
"1861",51.81,-0.575287643821911,"not promoted"
"1862",35.82,8.99949974987494,"not promoted"
"1863",27.48,-2.60630315157579,"not promoted"
"1864",58.38,-3.6768384192096,"not promoted"
"1865",37.41,-6.28814407203602,"not promoted"
"1866",42.41,0.895447723861931,"promoted"
"1867",23.95,6.10805402701351,"not promoted"
"1868",34.66,5.927963981991,"not promoted"
"1869",40.4,-7.19859929964982,"not promoted"
"1870",21.24,4.3471735867934,"not promoted"
"1871",26.7,1.82591295647824,"not promoted"
"1872",56.16,-3.78689344672336,"not promoted"
"1873",39.18,-3.75687843921961,"not promoted"
"1874",46.57,-8.48924462231115,"not promoted"
"1875",37.54,2.34617308654327,"promoted"
"1876",59.54,-4.14707353676838,"not promoted"
"1877",31.38,6.22811405702851,"not promoted"
"1878",47.02,5.86793396698349,"not promoted"
"1879",21.97,8.12906453226613,"not promoted"
"1880",31.11,-2.54627313656828,"not promoted"
"1881",59.94,5.47773886943472,"promoted"
"1882",39.77,4.29714857428714,"promoted"
"1883",57.29,-4.27713856928464,"not promoted"
"1884",31.82,7.78889444722361,"not promoted"
"1885",52.86,-9.58979489744872,"not promoted"
"1886",50.46,-9.37968984492246,"not promoted"
"1887",22.29,-8.13906953476738,"not promoted"
"1888",42.14,-9.86993496748374,"not promoted"
"1889",27.52,9.88994497248624,"not promoted"
"1890",43.86,1.91595797898949,"promoted"
"1891",29.26,5.76788394197098,"not promoted"
"1892",49.43,9.1895947973987,"not promoted"
"1893",49.98,-2.26613306653327,"not promoted"
"1894",41.49,-4.04702351175588,"not promoted"
"1895",52.56,8.62931465732866,"promoted"
"1896",52.75,7.08854427213607,"promoted"
"1897",25.35,-3.37668834417209,"not promoted"
"1898",33.88,-0.895447723861931,"not promoted"
"1899",34.05,-2.56628314157079,"not promoted"
"1900",32.33,3.25662831415708,"not promoted"
"1901",39.51,4.52726363181591,"not promoted"
"1902",44.41,3.09654827413707,"promoted"
"1903",24.83,-7.72886443221611,"not promoted"
"1904",38.32,-4.43721860930465,"not promoted"
"1905",45.31,-4.98749374687344,"not promoted"
"1906",48.95,-7.95897948974487,"not promoted"
"1907",27.58,-4.51725862931466,"not promoted"
"1908",58.93,3.79689844922461,"promoted"
"1909",50.59,0.345172586293145,"promoted"
"1910",55.88,0.265132566283141,"promoted"
"1911",18.69,9.51975987993997,"not promoted"
"1912",32.79,0.485242621310656,"promoted"
"1913",19.85,-2.81640820410205,"not promoted"
"1914",57.44,-0.915457728864432,"not promoted"
"1915",28.4,-1.78589294647324,"not promoted"
"1916",27.69,8.04902451225613,"not promoted"
"1917",54.81,4.25712856428214,"promoted"
"1918",58.76,2.7663831915958,"promoted"
"1919",30.84,-1.29564782391196,"not promoted"
"1920",45.99,-1.12556278139069,"not promoted"
"1921",30.08,-9.69984992496248,"not promoted"
"1922",46.62,0.25512756378189,"promoted"
"1923",28.53,-3.45672836418209,"not promoted"
"1924",35.84,9.2696348174087,"not promoted"
"1925",51.13,3.50675337668834,"promoted"
"1926",31.07,8.64932466233116,"not promoted"
"1927",20.46,1.80590295147574,"not promoted"
"1928",42.04,-1.51575787893947,"not promoted"
"1929",40.54,4.70735367683842,"not promoted"
"1930",20.37,1.32566283141571,"promoted"
"1931",51.3,9.34967483741871,"promoted"
"1932",26.26,7.75887943971986,"not promoted"
"1933",39.58,0.685342671335668,"promoted"
"1934",42.27,-4.02701350675338,"not promoted"
"1935",22.66,6.29814907453727,"not promoted"
"1936",19.79,9.9799899949975,"not promoted"
"1937",46.76,2.81640820410205,"promoted"
"1938",21.89,3.89694847423712,"not promoted"
"1939",29.45,7.92896448224112,"not promoted"
"1940",18.27,8.69934967483742,"not promoted"
"1941",23.21,-4.21710855427714,"not promoted"
"1942",50.57,3.77688844422211,"promoted"
"1943",34.87,4.53726863431716,"not promoted"
"1944",50.13,-7.20860430215108,"not promoted"
"1945",27.06,0.405202601300649,"promoted"
"1946",21.32,-8.56928464232116,"not promoted"
"1947",47.48,3.68684342171085,"promoted"
"1948",58.11,-7.46873436718359,"not promoted"
"1949",29.05,0.0650325162581282,"promoted"
"1950",39.22,3.35667833916958,"promoted"
"1951",36.76,6.80840420210105,"not promoted"
"1952",51.57,-6.47823911955978,"not promoted"
"1953",58,2.66633316658329,"promoted"
"1954",58.99,-6.54827413706853,"not promoted"
"1955",54.47,-1.55577788894447,"not promoted"
"1956",48.4,-0.755377688844423,"not promoted"
"1957",27.1,0.475237618809404,"promoted"
"1958",50.15,3.44672336168084,"promoted"
"1959",49.31,-1.13556778389195,"not promoted"
"1960",29.51,-7.41870935467734,"not promoted"
"1961",37.16,-6.09804902451226,"not promoted"
"1962",47.12,3.15657828914457,"promoted"
"1963",49.1,6.63831915957979,"promoted"
"1964",41.59,-3.35667833916959,"not promoted"
"1965",58.07,6.92846423211606,"promoted"
"1966",57.84,-2.41620810405203,"not promoted"
"1967",29.28,-6.80840420210105,"not promoted"
"1968",57.71,-7.47873936968484,"not promoted"
"1969",49.33,-8.18909454727364,"not promoted"
"1970",26.05,2.49624812406203,"not promoted"
"1971",23.53,-5.89794897448724,"not promoted"
"1972",29.85,-5.927963981991,"not promoted"
"1973",53.38,-4.25712856428214,"not promoted"
"1974",24.39,5.30765382691346,"not promoted"
"1975",31.87,6.96848424212106,"not promoted"
"1976",47.5,8.65932966483242,"not promoted"
"1977",38.93,7.95897948974487,"not promoted"
"1978",36.22,7.6888444222111,"not promoted"
"1979",47.94,-1.42571285642821,"not promoted"
"1980",55.46,-1.2056028014007,"not promoted"
"1981",35.67,-9.9399699849925,"not promoted"
"1982",33.59,-7.94897448724362,"not promoted"
"1983",46.24,-6.19809904952476,"not promoted"
"1984",45.96,-2.45622811405703,"not promoted"
"1985",45.21,1.49574787393697,"promoted"
"1986",30.19,0.0550275137568779,"promoted"
"1987",38.61,-3.58679339669835,"not promoted"
"1988",18.13,8.81940970485243,"not promoted"
"1989",53.82,0.495247623811906,"promoted"
"1990",40.8,9.64982491245623,"not promoted"
"1991",24.22,-6.08804402201101,"not promoted"
"1992",41.55,-0.525262631315659,"not promoted"
"1993",19.3,-5.65782891445723,"not promoted"
"1994",37.06,5.12756378189095,"not promoted"
"1995",28.97,-9.51975987993997,"not promoted"
"1996",43.23,5.32766383191596,"not promoted"
"1997",59.01,2.056028014007,"promoted"
"1998",18.46,-7.50875437718859,"not promoted"
"1999",46.64,-1.43571785892946,"not promoted"
"2000",25.27,3.36668334167084,"not promoted"
